Time	SO2/CO2	H2S/SO2
29/04/14 12:00  		0.01
29/04/14 18:12	0.61	0.01
30/04/14 00:03	1.12	0.01
30/04/14 06:14	1.64	0.01
30/04/14 12:13	1.64	0.01
30/04/14 18:11	1.76	0.01
01/05/14 00:22	1.59	0.01
01/05/14 06:15	1.32	0.01
01/05/14 12:09	1.15	0.01
01/05/14 18:16	2.14	0.01
02/05/14 00:16	1.49	0.01
03/05/14 18:21	1.94	0.01
04/05/14 18:06	1.26	0.01
05/05/14 00:15	1.18	0.01
05/05/14 18:08	1.80	0.01
06/05/14 18:12	2.06	0.01
07/05/14 00:07	1.30	0.01
07/05/14 06:15	1.33	0.01
08/05/14 00:22	0.98	0.01
08/05/14 18:14	1.16	0.01
09/05/14 18:16	1.40	0.01
10/05/14 00:08	1.52	0.01
10/05/14 18:18	1.75	0.01
12/05/14 18:24	1.86	0.01
13/05/14 00:13	1.84	0.01
13/05/14 06:21	2.34	0.01
13/05/14 12:18	2.13	0.01
13/05/14 18:20	2.37	0.01
14/05/14 18:12	1.88	0.01
15/05/14 00:18	1.92	0.01
15/05/14 12:19	1.91	0.01
15/05/14 18:17	2.19	0.01
16/05/14 00:10	2.13	0.01
16/05/14 06:05	1.92	0.01
16/05/14 12:11	2.13	0.01
16/05/14 18:12	2.07	0.01
17/05/14 00:14	1.69	0.01
17/05/14 06:18	1.32	0.01
17/05/14 12:14	1.12	0.01
17/05/14 18:16	1.54	0.01
18/05/14 00:20	1.54	0.01
18/05/14 12:16	1.83	0.01
18/05/14 18:22	1.82	0.01
19/05/14 06:22	1.94	0.01
19/05/14 18:18	2.18	0.01
20/05/14 06:14	1.64	0.01
20/05/14 12:16	1.41	0.01
20/05/14 18:14	1.36	0.01
21/05/14 00:17	1.19	0.01
21/05/14 06:22	0.96	0.01
22/05/14 00:21	1.05	0.01
22/05/14 12:15	1.15	0.01
22/05/14 18:19	1.31	0.01
23/05/14 12:29	1.41	0.01
23/05/14 18:14	1.63	0.01
24/05/14 00:23	1.80	0.01
24/05/14 06:17	2.20	0.01
24/05/14 12:12	2.34	0.01
24/05/14 18:17	1.91	0.01
25/05/14 00:04	2.33	0.01
25/05/14 06:08	2.04	0.01
25/05/14 18:15	1.84	0.01
26/05/14 18:16	1.49	0.01
27/05/14 00:14	1.13	0.01
27/05/14 06:18	1.02	0.01
27/05/14 12:17	1.23	0.01
27/05/14 18:20	1.42	0.01
28/05/14 00:06	1.49	0.01
28/05/14 12:14	1.33	0.01
29/05/14 00:20	1.46	0.01
29/05/14 18:18	1.70	0.01
30/05/14 18:17	2.76	0.01
02/06/14 18:17	2.24	0.01
03/06/14 06:17	2.51	0.01
03/06/14 12:09	1.95	0.01
03/06/14 18:10	2.04	0.01
04/06/14 00:29	1.82	0.01
04/06/14 12:05	1.82	0.01
04/06/14 18:08	1.89	0.01
05/06/14 00:27	1.79	0.01
05/06/14 06:09	1.61	0.01
05/06/14 12:09	1.32	0.01
05/06/14 18:11	1.30	0.01
06/06/14 00:14	0.90	0.01
06/06/14 14:24	0.81	0.01
06/06/14 18:19	1.13	0.01
10/06/14 14:55	1.61	0.01
10/06/14 15:07	1.67	0.01
10/06/14 18:14	1.71	0.01
12/06/14 16:17	2.37	0.01
26/08/14 18:03		0.056433
27/08/14 00:00		0.166933
27/08/14 18:00		0.056098
27/08/14 18:17	5.88235294	
27/08/14 18:24	3.84615385	
28/08/14 12:00		0.22991
28/08/14 18:00		0.12379
29/08/14 06:00		0.070684
29/08/14 12:00		0.064295
29/08/14 12:09	2.7027027	
29/08/14 12:16	3.22580645	
29/08/14 18:00		0.078336
29/08/14 18:17	3.7037037	
30/08/14 00:00		0.112834
30/08/14 18:00		0.089239
30/08/14 18:15	2.27272727	
31/08/14 06:00		0.084496
31/08/14 12:01		0.102284
31/08/14 18:00		0.068848
31/08/14 18:20	3.84615385	
01/09/14 00:00		0.072329
01/09/14 00:24	4.54545455	
01/09/14 06:00		0.074336
01/09/14 06:07	4	
01/09/14 06:14	3.22580645	
01/09/14 12:00		0.186021
01/09/14 18:00		0.093735
01/09/14 18:25	4.16666667	
02/09/14 00:00		0.087837
02/09/14 00:28	4	
02/09/14 06:00		0.139655
02/09/14 12:00		0.132775
02/09/14 18:00		0.110819
03/09/14 00:00		0.092368
03/09/14 00:13	4	
03/09/14 06:00		0.093585
03/09/14 12:00		0.08156
03/09/14 18:28	4.54545455	
04/09/14 00:00		0.141795
04/09/14 12:00		0.203321
04/09/14 18:00		0.086722
05/09/14 00:00		0.074681
05/09/14 18:00		0.078011
06/09/14 00:00		0.121773
06/09/14 00:28	3.33333333	
06/09/14 12:00		0.211919
06/09/14 18:00		0.135884
07/09/14 12:00		0.106802
07/09/14 12:19	2.77777778	
07/09/14 18:00		0.111743
07/09/14 18:19	3.44827586	
08/09/14 00:00		0.206125
08/09/14 18:00		0.092975
08/09/14 18:23	3.33333333	
09/09/14 00:00		0.092321
09/09/14 00:12	3.33333333	
09/09/14 18:00		0.122421
10/09/14 00:00		0.013591
10/09/14 06:00		0.070064
10/09/14 12:00		0.181991
10/09/14 18:00		0.094072
11/09/14 00:00		0.207333
11/09/14 06:00		0.273998
11/09/14 12:00		0.166752
11/09/14 18:00		0.103768
11/09/14 18:20	2.3255814	
12/09/14 00:00		0.255878
12/09/14 06:00		0.01
12/09/14 12:00		0.239224
12/09/14 18:00		0.113292
12/09/14 18:27	3.33333333	
13/09/14 00:00		0.252245
13/09/14 12:00		0.137323
13/09/14 18:00		0.16182
14/09/14 00:00		0.304739
14/09/14 12:00		0.128632
14/09/14 18:00		0.121752
14/09/14 18:29	1.51515152	
15/09/14 00:00		0.224924
15/09/14 06:00		0.01
15/09/14 18:00		0.18845
16/09/14 00:00		0.01
16/09/14 06:00		0.284354
16/09/14 18:00		0.115204
16/09/14 18:07	2.43902439	
17/09/14 00:00		0.01
17/09/14 06:01		0.25403
17/09/14 18:00		0.176199
18/09/14 00:00		0.171207
18/09/14 00:15	4	
18/09/14 00:15	4	
18/09/14 06:00		0.210761
18/09/14 18:00		0.081208
19/09/14 00:00		0.216023
19/09/14 06:00		0.085069
19/09/14 12:00		0.354781
19/09/14 18:00		0.114354
20/09/14 00:00		0.253184
20/09/14 18:00		0.126771
20/09/14 18:28	2.56410256	
21/09/14 06:00		0.01
21/09/14 12:00		0.01
21/09/14 18:00		0.118929
21/09/14 18:10	2.38095238	
22/09/14 00:00		0.33303
22/09/14 18:00		0.13454
22/09/14 18:16	1.96078431	
23/09/14 00:01		0.171865
23/09/14 00:18	2.43902439	
23/09/14 00:22	2.38095238	
23/09/14 06:00		0.230633
23/09/14 12:00		0.327803
23/09/14 18:00		0.178119
24/09/14 00:00		0.164778
24/09/14 12:00		0.160737
24/09/14 18:00		0.04581
24/09/14 18:02	1.85185185	
25/09/14 00:00		0.078877
25/09/14 00:10	2.27272727	
25/09/14 06:00		0.069855
25/09/14 18:00		0.112751
25/09/14 18:06	1.88679245	
26/09/14 00:00		0.099288
26/09/14 06:00		0.173696
26/09/14 12:00		0.147778
26/09/14 18:00		0.124636
27/09/14 00:00		0.235364
27/09/14 06:00		0.047365
27/09/14 12:00		0.297742
27/09/14 18:00		0.127514
27/09/14 18:03	2.17391304	
28/09/14 00:00		0.076455
28/09/14 12:00		0.438645
28/09/14 18:00		0.135992
29/09/14 00:00		0.313975
29/09/14 06:00		0.099096
29/09/14 12:00		0.01
29/09/14 18:00		0.01
30/09/14 00:00		0.120662
30/09/14 12:00		0.01
30/09/14 18:00		0.165401
30/09/14 18:26	1.88679245	
01/10/14 00:00		0.199073
01/10/14 12:00		0.111584
01/10/14 12:05	1.88679245	
01/10/14 18:00		0.106105
01/10/14 18:18	2.08333333	
02/10/14 00:00		0.145615
02/10/14 06:00		0.108065
02/10/14 12:00		0.375362
02/10/14 18:00		0.115554
02/10/14 18:11	1.92307692	
03/10/14 00:00		0.108139
03/10/14 06:00		0.132264
03/10/14 12:00		0.093325
03/10/14 12:04	2.7027027	
03/10/14 18:00		0.138807
04/10/14 00:00		0.049279
04/10/14 00:15	2.3255814	
04/10/14 06:00		0.102195
04/10/14 12:00		0.120844
04/10/14 18:00		0.104446
05/10/14 12:00		0.065486
05/10/14 18:00		0.134084
06/10/14 00:00		0.115657
06/10/14 06:00		0.13034
06/10/14 12:00		0.116529
06/10/14 18:00		0.130946
06/10/14 18:09	2.08333333	
07/10/14 00:00		0.178663
07/10/14 06:00		0.098318
07/10/14 12:00		0.094285
07/10/14 18:00		0.112282
07/10/14 18:20	3.44827586	
08/10/14 00:00		0.290671
08/10/14 06:00		0.070125
08/10/14 12:00		0.032583
08/10/14 12:07	1.81818182	
08/10/14 12:10	2.17391304	
08/10/14 12:24	1.75438596	
08/10/14 18:00		0.069297
08/10/14 18:04	2.27272727	
08/10/14 18:13	2.56410256	
08/10/14 18:26	2.38095238	
09/10/14 00:00		0.087597
09/10/14 12:42		0.109074
09/10/14 18:00		0.052706
10/10/14 00:00		0.109252
10/10/14 06:00		0.061028
10/10/14 06:03	3.22580645	
10/10/14 06:13	3.03030303	
10/10/14 06:24	2.77777778	
10/10/14 06:28	3.44827586	
10/10/14 12:00		0.060299
10/10/14 12:08	3.22580645	
10/10/14 18:00		0.056045
11/10/14 00:00		0.110329
11/10/14 00:21	2.85714286	
11/10/14 12:00		0.19878
11/10/14 18:00		0.025391
12/10/14 00:00		0.153764
12/10/14 06:00		0.01
12/10/14 18:00		0.160912
13/10/14 00:00		0.213273
13/10/14 06:00		0.070363
13/10/14 12:00		0.01
13/10/14 18:00		0.082079
13/10/14 18:07	2.27272727	
14/10/14 00:00		0.353284
14/10/14 06:00		0.01
14/10/14 12:00		0.182805
14/10/14 18:00		0.021203
15/10/14 00:00		0.174331
15/10/14 06:00		0.187791
15/10/14 18:00		0.14047
16/10/14 13:07		0.221599
16/10/14 18:01		0.183158
17/10/14 00:00		0.01
17/10/14 06:00		0.075109
17/10/14 18:00		0.141051
17/10/14 18:10	2.17391304	
18/10/14 00:00		0.269967
18/10/14 06:00		0.078583
18/10/14 13:13		0.260428
18/10/14 18:00		0.086162
18/10/14 18:11	1.75438596	
19/10/14 13:09		0.021363
25/11/14 18:00		0.077254
25/11/14 18:23	0.95238095	
26/11/14 00:00		0.099031
26/11/14 00:26	0.93457944	
26/11/14 12:00		0.031306
26/11/14 12:08	1.47058824	
26/11/14 18:00		0.022796
27/11/14 00:00		0.037072
27/11/14 13:22		0.093342
27/11/14 13:29	1.26582278	
27/11/14 18:00		0.117269
27/11/14 18:11	1.72413793	
28/11/14 00:00		0.02716
28/11/14 15:37		0.086285
28/11/14 18:00		0.12152
28/11/14 18:03	0.86956522	
28/12/14 17:55		0.01
05/01/15 16:15		0.084534
05/01/15 16:30	2.08333333	
05/01/15 18:00		0.063397
05/01/15 18:06	2.94117647	
06/01/15 00:00		0.115324
06/01/15 15:59		0.092978
06/01/15 16:03	1.96078431	
06/01/15 16:13	3.44827586	
06/01/15 16:17	3.57142857	
06/01/15 18:00		0.073133
06/01/15 18:25	2.27272727	
07/01/15 00:00		0.122612
07/01/15 00:07	2.27272727	
18/01/15 15:25		0.063268
18/01/15 18:00		0.01
19/01/15 00:00		0.145378
19/01/15 00:04	1.49253731	
05/02/15 17:39		0.065039
25/03/15 18:00		0.252795
26/03/15 00:00		0.20937
26/03/15 12:00		0.238484
26/03/15 18:00		0.300069
26/03/15 18:20	1.49253731	
27/03/15 00:00		0.19879
27/03/15 18:00		0.245003
27/03/15 18:10	2.56410256	
27/03/15 18:18	2.22222222	
28/03/15 00:00		0.279782
28/03/15 12:00		0.550058
28/03/15 18:00		0.346938
29/03/15 00:00		0.359037
29/03/15 12:00		0.415746
29/03/15 12:21	2.3255814	
29/03/15 18:00		0.41957
29/03/15 18:06	2.17391304	
30/03/15 00:00		0.508409
30/03/15 06:00		0.430582
30/03/15 12:00		0.323948
30/03/15 18:00		0.614908
31/03/15 00:00		0.538662
31/03/15 06:00		0.547128
31/03/15 06:13	2.56410256	
31/03/15 18:00		0.497334
31/03/15 18:22	1.78571429	
01/04/15 00:00		0.477945
01/04/15 12:00		0.468487
01/04/15 18:00		0.446932
01/04/15 18:13	2.43902439	
01/04/15 18:14	2.7027027	
02/04/15 00:00		0.278734
02/04/15 00:11	1.12359551	
02/04/15 12:00		0.391952
02/04/15 18:00		0.42226
03/04/15 00:00		0.483332
03/04/15 00:25	1.33333333	
03/04/15 06:00		0.622882
03/04/15 12:00		0.695753
03/04/15 18:00		0.355049
03/04/15 18:19	2.85714286	
04/04/15 00:00		0.441634
04/04/15 06:00		0.574018
04/04/15 12:00		0.751517
04/04/15 18:00		0.411036
04/04/15 18:22	2.27272727	
05/04/15 00:00		0.637045
05/04/15 06:00		0.574559
05/04/15 12:00		0.485745
05/04/15 12:25	2.27272727	
05/04/15 18:00		0.438437
05/04/15 18:22	2.63157895	
06/04/15 00:00		0.491614
06/04/15 06:00		0.567029
06/04/15 06:16	1.28205128	
06/04/15 12:00		0.623039
06/04/15 12:25	2.04081633	
06/04/15 18:00		0.441397
07/04/15 00:00		0.484942
07/04/15 06:00		0.740443
07/04/15 12:00		0.425896
07/04/15 18:00		0.454677
08/04/15 00:00		0.623001
08/04/15 12:00		0.63522
08/04/15 18:00		0.495112
08/04/15 18:21	2.12765957	
09/04/15 00:00		0.552822
09/04/15 06:00		0.544737
09/04/15 06:19	1.81818182	
09/04/15 12:00		0.627411
09/04/15 18:00		0.379394
09/04/15 18:05	1.69491525	
09/04/15 18:16	1.96078431	
09/04/15 18:17	2	
10/04/15 00:00		0.476093
10/04/15 06:00		0.560186
10/04/15 12:00		0.612495
10/04/15 12:27	1.53846154	
10/04/15 18:00		0.49929
10/04/15 18:10	1.92307692	
11/04/15 00:00		0.418945
11/04/15 06:00		0.733577
11/04/15 12:00		0.822724
11/04/15 18:00		0.551043
11/04/15 18:17	1.72413793	
12/04/15 00:00		0.659003
12/04/15 12:00		0.504598
12/04/15 18:00		0.53235
12/04/15 18:12	1.85185185	
13/04/15 00:00		0.655319
13/04/15 00:05	2.38095238	
13/04/15 06:00		0.794895
13/04/15 18:00		0.680879
14/04/15 00:00		0.567648
14/04/15 00:24	1.36986301	
14/04/15 06:00		0.092551
14/04/15 12:00		0.628262
14/04/15 18:00		0.542189
15/04/15 00:00		0.557683
15/04/15 06:00		0.648293
01/02/16 17:59		0.645307
02/02/16 00:00		0.726674
02/02/16 06:00		0.707351
02/02/16 12:00		0.657659
02/02/16 18:00		0.70512
03/02/16 00:00		0.711416
03/02/16 18:00		0.627857
04/02/16 00:00		0.546651
04/02/16 06:00		0.058293
04/02/16 12:00		0.135852
04/02/16 18:00		0.509642
05/02/16 00:00		0.64698
05/02/16 06:00		0.733892
05/02/16 12:00		0.642628
05/02/16 18:00		0.754369
06/02/16 00:00		0.719311
06/02/16 00:00	0.84198331	
06/02/16 06:00		0.697808
06/02/16 06:00	1.06580947	
06/02/16 12:00		0.686503
06/02/16 18:00		0.580925
06/02/16 18:00	1.92065394	
07/02/16 00:00		0.646365
07/02/16 00:00	1.18090802	
07/02/16 06:00		0.753045
07/02/16 06:00	0.38062656	
07/02/16 12:00		0.678839
07/02/16 12:00	1.1074099	
07/02/16 18:00		0.865981
08/02/16 00:00		0.689477
08/02/16 00:00	1.32558836	
08/02/16 06:00		0.765297
08/02/16 06:00	1.16392756	
08/02/16 12:00		0.850224
08/02/16 18:00		0.544762
08/02/16 18:00	1.65878192	
09/02/16 00:00		0.628641
09/02/16 00:00	0.69604729	
09/02/16 06:00		0.68647
09/02/16 06:00	1.13753996	
09/02/16 12:00		1.136698
09/02/16 18:00		1.18185
10/02/16 00:00		0.968563
10/02/16 18:00		1.183306
11/02/16 18:00		1.067841
12/02/16 00:00		1.298065
12/02/16 06:00		1.184297
12/02/16 12:00		1.096552
12/02/16 18:00		0.976924
12/02/16 18:00	0.86364736	
13/02/16 00:00		0.792069
13/02/16 00:00	1.01771226	
13/02/16 06:00		0.645361
13/02/16 06:00	0.7481155	
13/02/16 12:00		0.718972
13/02/16 12:00	1.02258272	
13/02/16 18:00		0.650024
13/02/16 18:00	0.68982358	
14/02/16 00:00		0.635655
14/02/16 00:00	1.35482997	
14/02/16 06:00		0.676537
14/02/16 06:00	0.98211085	
14/02/16 12:00		0.708852
14/02/16 12:00	0.73130742	
14/02/16 18:00		0.699353
14/02/16 18:00	1.1990954	
15/02/16 00:00		0.653232
15/02/16 00:00	0.86888371	
15/02/16 06:00		0.688488
15/02/16 06:00	0.78040375	
15/02/16 12:01		0.849569
15/02/16 12:01	0.29988433	
15/02/16 18:00		0.57299
15/02/16 18:00	0.70562517	
16/02/16 00:00		0.507691
16/02/16 00:00	0.7641994	
16/02/16 06:00		0.779788
16/02/16 12:00		0.102526
16/02/16 12:00	0.15468414	
16/02/16 18:00		0.55651
16/02/16 18:00	0.52959089	
17/02/16 00:00		0.409845
17/02/16 00:00	0.95904954	
17/02/16 06:00		0.548622
17/02/16 06:00	0.48346595	
17/02/16 12:00		0.683257
17/02/16 12:00	0.39607302	
17/02/16 18:00		0.485932
17/02/16 18:00	0.80643405	
18/02/16 00:00		0.599225
18/02/16 00:00	0.60435376	
18/02/16 06:00		0.621717
18/02/16 06:00	0.58084287	
18/02/16 12:00		0.820095
18/02/16 18:00		0.686397
18/02/16 18:00	0.70881819	
19/02/16 00:00		1.085417
19/02/16 06:00		1.291434
19/02/16 12:00		0.67388
19/02/16 12:00	0.82999261	
19/02/16 18:00		0.817907
19/02/16 18:00	0.99978205	
20/02/16 00:00		0.646524
20/02/16 00:00	0.85526299	
20/02/16 06:00		0.662323
20/02/16 06:00	0.7031706	
20/02/16 12:00		0.71016
20/02/16 12:00	0.65906371	
20/02/16 18:00		0.667017
20/02/16 18:00	1.03697758	
21/02/16 00:00		0.735359
21/02/16 00:00	0.65712564	
21/02/16 06:00		0.745222
21/02/16 06:00	0.99621935	
21/02/16 12:00		0.818296
21/02/16 12:00	0.58128585	
21/02/16 18:00		0.658883
21/02/16 18:00	0.66895941	
22/02/16 00:00		0.732422
22/02/16 00:00	0.61088512	
22/02/16 06:00		0.669158
22/02/16 06:00	0.62936306	
22/02/16 12:00		0.570651
22/02/16 12:00	1.01712327	
22/02/16 18:00		0.532508
22/02/16 18:00	0.90785705	
23/02/16 00:00		0.48312
23/02/16 12:00		0.177215
23/02/16 18:00		0.581432
23/02/16 18:00	0.68306244	
24/02/16 00:00		0.397543
24/02/16 06:00		0.08376
24/02/16 06:00	0.15148506	
24/02/16 18:00		0.449537
24/02/16 18:00	1.15425192	
25/02/16 00:00		0.549505
25/02/16 12:00		0.762945
25/02/16 18:00		0.59329
25/02/16 18:00	0.93274359	
26/02/16 00:00		0.811341
26/02/16 06:00		0.731578
26/02/16 06:00	0.47401655	
26/02/16 12:00		0.879845
26/02/16 18:00		0.713424
26/02/16 18:00	0.64799281	
27/02/16 00:00		1.067333
27/02/16 00:00	0.35602507	
27/02/16 06:00		1.004729
27/02/16 06:00	0.51271481	
27/02/16 12:00		0.777435
27/02/16 12:00	0.51684662	
27/02/16 18:00		0.644315
27/02/16 18:00	0.77344126	
28/02/16 00:00		0.667125
28/02/16 00:00	0.79628866	
28/02/16 06:00		0.839568
28/02/16 06:00	0.72667395	
28/02/16 12:00		0.703976
28/02/16 12:00	0.90669394	
28/02/16 18:00		0.805554
28/02/16 18:00	0.74886005	
29/02/16 00:00		0.757906
29/02/16 00:00	0.85382805	
29/02/16 06:00		0.890399
29/02/16 06:00	0.27169122	
29/02/16 12:01		0.823288
29/02/16 12:01	0.36755152	
29/02/16 18:00		0.617688
29/02/16 18:00	0.95707884	
01/03/16 00:00		0.758619
01/03/16 00:00	0.66928312	
01/03/16 06:00		0.739939
01/03/16 06:00	0.40847738	
01/03/16 12:00		0.664093
01/03/16 12:00	0.53258771	
01/03/16 18:00		0.6652
01/03/16 18:00	0.74149432	
02/03/16 00:00		0.413569
02/03/16 00:00	0.49906973	
02/03/16 12:00		0.48644
02/03/16 12:00	0.43804106	
02/03/16 18:00		0.543576
02/03/16 18:00	0.65505216	
03/03/16 00:00		0.635063
03/03/16 00:00	0.59211609	
03/03/16 06:00		0.751611
03/03/16 06:00	0.83184572	
03/03/16 12:00		0.67439
03/03/16 12:00	0.62566399	
03/03/16 18:00		0.584859
03/03/16 18:00	0.51678144	
04/03/16 00:00		0.645411
04/03/16 00:00	0.33141291	
04/03/16 06:00		0.876386
04/03/16 12:00		0.739409
04/03/16 12:00	0.38048551	
04/03/16 18:00		0.603501
04/03/16 18:00	0.6532101	
05/03/16 00:00		0.855882
05/03/16 18:00		0.532328
05/03/16 18:00	0.6048231	
06/03/16 00:00		0.788412
06/03/16 00:00	0.3320203	
06/03/16 12:00		0.755413
06/03/16 12:00	0.2144946	
06/03/16 18:00		0.539614
06/03/16 18:00	0.55835914	
07/03/16 00:00		0.494143
07/03/16 00:00	0.26088892	
07/03/16 06:00		0.651058
08/03/16 00:00		0.946144
08/03/16 00:00	0.38703001	
08/03/16 12:00		0.964774
08/03/16 18:00		0.635872
08/03/16 18:00	0.6655202	
09/03/16 06:00		0.717822
09/03/16 06:00	0.61530169	
09/03/16 12:00		0.550405
09/03/16 18:00		0.767434
09/03/16 18:00	0.53285447	
10/03/16 00:00		0.640617
10/03/16 00:00	0.25503529	
10/03/16 06:00		0.589411
10/03/16 06:00	0.35725922	
10/03/16 12:00		0.540645
10/03/16 12:00	0.23767534	
10/03/16 18:00		0.741778
10/03/16 18:00	0.67701553	
11/03/16 06:00		0.830357
11/03/16 06:00	0.35727071	
11/03/16 12:00		0.757994
11/03/16 12:00	0.3779131	
11/03/16 18:00		0.572945
11/03/16 18:00	0.6953044	
12/03/16 00:00		0.720081
12/03/16 06:00		0.920564
12/03/16 06:00	0.23842682	
12/03/16 12:00		1.135426
12/03/16 12:00	0.25819118	
12/03/16 18:00		0.983334
12/03/16 18:00	0.5848651	
13/03/16 00:00		1.209102
13/03/16 00:00	0.32142889	
13/03/16 06:00		1.058973
13/03/16 06:00	0.28241942	
13/03/16 12:00		0.934428
13/03/16 12:00	0.31457571	
13/03/16 18:00		0.866929
13/03/16 18:00	0.45060309	
14/03/16 00:00		0.896065
14/03/16 06:00		0.040708
14/03/16 12:00		0.058922
14/03/16 18:00		0.945861
14/03/16 18:00	0.57916892	
15/03/16 18:00		0.609604
15/03/16 18:00	0.65407699	
16/03/16 00:00		0.712392
16/03/16 00:00	0.52313212	
16/03/16 06:00		0.372525
16/03/16 06:00	0.24950486	
16/03/16 18:00		0.776735
16/03/16 18:00	0.54004341	
17/03/16 00:00		0.785345
17/03/16 00:00	0.38931032	
17/03/16 06:00		0.040786
17/03/16 06:00	0.14775088	
17/03/16 12:00		0.070704
17/03/16 12:00	0.16978597	
17/03/16 18:00		0.727836
17/03/16 18:00	0.40114487	
18/03/16 00:00		0.803761
18/03/16 00:00	0.40276555	
18/03/16 06:00		0.01
18/03/16 06:00	0.17478915	
18/03/16 12:00		0.01
18/03/16 12:00	0.16121731	
18/03/16 18:00		0.676728
18/03/16 18:00	0.57026913	
19/03/16 00:00		0.516714
19/03/16 00:00	0.19014277	
19/03/16 06:00		0.549269
19/03/16 06:00	0.18172851	
19/03/16 12:00		1.014248
19/03/16 18:00		0.690904
19/03/16 18:00	0.45827435	
20/03/16 12:00		0.699647
20/03/16 12:00	0.48676937	
20/03/16 18:00		0.697888
20/03/16 18:00	0.53624737	
21/03/16 00:00		0.777196
21/03/16 00:00	0.34707182	
21/03/16 06:00		0.823241
21/03/16 06:00	0.14667501	
21/03/16 12:00		1.008822
21/03/16 12:00	0.33631058	
21/03/16 18:00		1.011304
21/03/16 18:00	0.26997468	
22/03/16 00:00		1.113892
22/03/16 06:00		1.066874
22/03/16 12:00		1.127169
22/03/16 18:00		1.039868
23/03/16 00:00		0.946113
23/03/16 00:00	0.50367025	
23/03/16 06:00		0.905436
23/03/16 06:00	0.27137234	
23/03/16 12:00		0.927072
23/03/16 12:00	0.64109345	
23/03/16 18:00		0.930135
23/03/16 18:00	0.3410155	
24/03/16 00:00		1.017208
24/03/16 00:00	0.297583	
24/03/16 06:00		0.948223
24/03/16 06:00	0.31114051	
24/03/16 12:00		0.881133
24/03/16 12:00	0.30086662	
24/03/16 18:00		0.814493
24/03/16 18:00	0.36191575	
25/03/16 06:00		0.155242
25/03/16 18:00		0.518988
25/03/16 18:00	0.39926902	
26/03/16 00:00		0.65949
26/03/16 00:00	0.32321467	
26/03/16 06:00		0.854369
26/03/16 12:00		0.842299
26/03/16 12:00	0.36822552	
26/03/16 18:00		0.827165
26/03/16 18:00	0.62993793	
27/03/16 00:00		1.093159
27/03/16 06:00		0.892221
27/03/16 12:00		0.80966
27/03/16 18:00		0.567125
27/03/16 18:00	0.49682134	
28/03/16 00:00		0.964115
28/03/16 18:00		0.68912
28/03/16 18:00	0.40851676	
29/03/16 00:00		0.717005
29/03/16 00:00	0.44873978	
29/03/16 06:00		0.690066
29/03/16 06:00	0.44278449	
29/03/16 12:00		0.795758
29/03/16 18:00		0.563451
29/03/16 18:00	0.43818713	
30/03/16 00:00		0.653482
30/03/16 00:00	0.37979361	
30/03/16 18:00		0.273931
31/03/16 00:00		0.800479
31/03/16 06:00		0.576801
31/03/16 06:00	0.27294506	
31/03/16 12:00		0.334283
31/03/16 18:00		0.425167
31/03/16 18:00	0.51507496	
01/04/16 00:00		0.64934
01/04/16 00:00	0.39187947	
01/04/16 06:00		0.592913
01/04/16 06:00	0.22980835	
01/04/16 12:00		0.033992
01/04/16 18:00		0.528611
02/04/16 00:00		1.133172
02/04/16 06:00		0.01
02/04/16 12:00		0.127727
02/04/16 12:00	0.16989042	
02/04/16 18:00		0.360888
02/04/16 18:00	0.40950041	
03/04/16 00:00		0.257309
03/04/16 00:00	0.22369303	
03/04/16 06:01		0.038784
03/04/16 06:01	0.12729291	
03/04/16 12:00		0.847931
03/04/16 18:00		0.617762
03/04/16 18:00	0.67495147	
04/04/16 00:00		0.621133
04/04/16 12:00		0.750433
04/04/16 18:00		0.697411
04/04/16 18:00	0.3652305	
05/04/16 00:00		0.687495
05/04/16 00:00	0.33462823	
05/04/16 06:00		0.80463
05/04/16 12:00		1.11469
05/04/16 18:00		0.994605
06/04/16 00:00		0.78613
06/04/16 06:00		0.904417
06/04/16 12:00		0.811453
06/04/16 12:00	0.28132719	
06/04/16 18:00		0.542162
06/04/16 18:00	0.57587996	
07/04/16 00:00		0.738441
07/04/16 06:00		1.062754
07/04/16 12:00		0.843316
07/04/16 18:00		0.429573
07/04/16 18:00	0.36298444	
08/04/16 00:00		0.750843
08/04/16 06:00		0.425843
08/04/16 12:00		0.530314
08/04/16 12:00	0.24537222	
08/04/16 18:00		0.599852
08/04/16 18:00	0.39130795	
09/04/16 00:00		0.817929
09/04/16 06:00		0.691422
09/04/16 12:00		0.8501
09/04/16 18:00		0.484002
10/04/16 00:00		0.687967
10/04/16 06:00		1.002517
10/04/16 12:00		0.836141
10/04/16 18:00		0.668096
11/04/16 00:00		0.84934
11/04/16 06:00		1.031005
11/04/16 12:00		0.937862
11/04/16 18:00		0.799785
11/04/16 18:00	0.52245539	
12/04/16 00:00		0.723149
12/04/16 12:00		1.595313
12/04/16 18:00		0.823353
12/04/16 18:00	0.59492222	
13/04/16 12:00		0.923417
13/04/16 18:00		0.801242
13/04/16 18:00	0.30128286	
14/04/16 00:00		1.266197
14/04/16 18:00		0.970225
14/04/16 18:00	0.52918313	
15/04/16 00:00		1.063966
15/04/16 06:00		1.214289
15/04/16 18:00		0.884933
15/04/16 18:00	0.27821488	
16/04/16 00:00		0.895819
16/04/16 06:00		0.168544
16/04/16 18:00		0.951963
17/04/16 00:00		1.136289
17/04/16 18:00		0.991814
17/04/16 18:00	0.32127595	
18/04/16 00:00		1.073006
18/04/16 06:00		1.117631
18/04/16 06:00	0.26901817	
18/04/16 12:00		1.215968
18/04/16 18:00		0.872178
19/04/16 00:00		1.313664
19/04/16 06:00		0.953912
19/04/16 12:00		0.763662
19/04/16 18:00		0.959325
20/04/16 00:00		0.869053
20/04/16 12:01		0.061297
20/04/16 18:00		0.652153
20/04/16 18:00	0.51057712	
21/04/16 00:00		0.638862
21/04/16 00:00	0.24833134	
21/04/16 06:00		1.022526
21/04/16 18:00		0.485644
21/04/16 18:00	0.27200855	
22/04/16 00:00		0.590647
22/04/16 06:00		0.835334
22/04/16 18:00		0.458851
22/04/16 18:00	0.49886284	
23/04/16 00:00		0.754862
23/04/16 18:00		0.345002
23/04/16 18:00	0.41188469	
24/04/16 00:00		0.68546
24/04/16 00:00	0.25564326	
24/04/16 12:00		0.695965
24/04/16 18:00		0.461974
24/04/16 18:00	0.42346289	
25/04/16 00:00		0.390116
25/04/16 12:00		0.587472
25/04/16 18:00		0.388424
25/04/16 18:00	0.39922263	
26/04/16 00:00		1.015579
26/04/16 12:00		0.253221
26/04/16 18:00		0.706137
27/04/16 00:00		0.954881
27/04/16 18:01		1.174035
28/04/16 00:00		1.405461
28/04/16 06:00		1.047638
28/04/16 18:00		0.7249
28/04/16 18:00	0.4063691	
29/04/16 12:00		0.703333
30/04/16 12:00		0.518511
30/04/16 18:00		0.470549
30/04/16 18:00	0.27101307	
01/05/16 18:00		0.523389
01/05/16 18:00	0.28634269	
02/05/16 00:00		0.456539
02/05/16 18:00		0.343906
02/05/16 18:00	0.25899811	
03/05/16 00:00		0.047206
03/05/16 18:00		0.239427
03/05/16 18:00	0.23280827	
04/05/16 00:00		0.668463
04/05/16 18:00		0.296252
04/05/16 18:00	0.19159342	
05/05/16 00:00		0.141447
05/05/16 12:00		0.404916
05/05/16 18:00		0.333549
06/05/16 12:00		0.410064
06/05/16 18:00		0.346313
07/05/16 12:00		0.424672
07/05/16 18:00		0.257379
07/05/16 18:00	0.22993871	
08/05/16 00:00		0.055949
08/05/16 18:00		0.264593
08/05/16 18:00	0.25979748	
09/05/16 06:00		0.12015
09/05/16 18:00		0.216257
09/05/16 18:00	0.18685386	
10/05/16 00:00		0.365721
10/05/16 06:00		0.265904
10/05/16 12:00		0.371078
10/05/16 18:00		0.335937
11/05/16 00:00		0.261347
11/05/16 06:00		0.090444
11/05/16 12:00		0.385142
11/05/16 18:00		0.304464
12/05/16 00:00		0.28707
12/05/16 06:00		0.346395
12/05/16 12:00		0.173216
12/05/16 18:00		0.558755
12/05/16 18:00	0.18057621	
13/05/16 00:00		0.360782
13/05/16 06:00		0.304718
13/05/16 12:00		0.271703
13/05/16 18:00		0.35751
14/05/16 06:00		0.534214
14/05/16 12:00		0.274139
14/05/16 18:00		0.600288
15/05/16 00:00		0.584777
15/05/16 06:00		0.426821
15/05/16 12:00		0.376505
15/05/16 18:00		0.975924
16/05/16 00:00		0.328675
16/05/16 12:00		0.646147
16/05/16 18:00		0.478249
17/05/16 00:00		0.293056
17/05/16 06:00		0.060989
17/05/16 12:00		0.243275
17/05/16 18:00		0.391173
17/05/16 18:00	0.21181504	
18/05/16 00:00		0.377626
18/05/16 00:00	0.17951175	
18/05/16 06:00		0.255689
18/05/16 06:00	0.07024008	
18/05/16 12:00		0.386353
18/05/16 12:00	0.08337791	
18/05/16 18:00		0.251607
18/05/16 18:00	0.14142337	
19/05/16 00:00		0.170832
19/05/16 00:00	0.1018981	
19/05/16 12:00		0.771455
19/05/16 18:00		0.551688
19/05/16 18:00	0.1222066	
20/05/16 06:00		0.352007
20/05/16 06:00	0.10151814	
20/05/16 12:00		0.446215
20/05/16 12:00	0.12350398	
20/05/16 18:00		0.731287
21/05/16 00:00		0.448833
21/05/16 00:00	0.06750174	
21/05/16 12:00		0.491567
21/05/16 12:00	0.04999918	
21/05/16 18:00		0.387229
21/05/16 18:00	0.05254934	
22/05/16 06:00		0.528166
22/05/16 06:00	0.05043537	
22/05/16 12:00		0.382684
22/05/16 12:00	0.04773241	
22/05/16 18:00		0.330644
22/05/16 18:00	0.1356466	
23/05/16 00:00		0.500574
23/05/16 00:00	0.07893275	
23/05/16 06:00		0.506416
23/05/16 06:00	0.04835448	
23/05/16 18:00		0.264213
23/05/16 18:00	0.10826861	
24/05/16 00:00		0.319816
24/05/16 06:00		0.30192
24/05/16 06:00	0.05231408	
24/05/16 12:00		0.823548
24/05/16 12:00	0.04228344	
24/05/16 18:00		0.689056
25/05/16 00:00		0.334014
25/05/16 00:00	0.08988116	
25/05/16 18:00		0.908744
25/05/16 18:00	0.10822222	
26/05/16 12:00		0.465594
26/05/16 12:00	0.03836665	
26/05/16 18:00		0.25383
26/05/16 18:00	0.14448775	
27/05/16 12:00		0.67597
27/05/16 12:00	0.04715326	
27/05/16 18:00		0.53463
27/05/16 18:00	0.08207813	
28/05/16 06:00		0.01
28/05/16 06:00	0.06381066	
28/05/16 18:00		0.311404
28/05/16 18:00	0.08783205	
29/05/16 18:00		0.162139
29/05/16 18:00	0.12531966	
30/05/16 18:00		0.474827
30/05/16 18:00	0.05669169	
31/05/16 00:00		0.586716
31/05/16 00:00	0.03208274	
31/05/16 18:00		0.815636
31/05/16 18:00	0.07368587	
01/06/16 12:00		0.874135
01/06/16 12:00	0.07033567	
02/06/16 00:00		0.186537
02/06/16 00:00	0.06514577	
02/06/16 06:00		0.79245
02/06/16 06:00	0.05444827	
02/06/16 18:00		0.040638
02/06/16 18:00	0.18692658	
03/06/16 06:00		0.35843
03/06/16 06:00	0.09006707	
03/06/16 12:00		0.621426
03/06/16 12:00	0.03132592	
03/06/16 18:00		0.195356
03/06/16 18:00	0.11448941	
04/06/16 00:00		0.109616
04/06/16 00:00	0.11615679	
04/06/16 12:01	0.08552299	
04/06/16 18:00		0.732865
04/06/16 18:00	0.08498254	
05/06/16 06:00		0.01
05/06/16 06:00	0.06178875	
05/06/16 12:00		0.314189
05/06/16 12:00	0.09002586	
05/06/16 18:01		0.556411
05/06/16 18:01	0.02688753	
06/06/16 00:00		0.265939
06/06/16 00:00	0.09552098	
06/06/16 18:00		0.6482
06/06/16 18:00	0.08186351	
07/06/16 00:00		1.088639
07/06/16 00:00	0.03338557	
10/06/16 17:03		0.031067
10/06/16 18:00		0.064627
11/06/16 00:00		0.040588
11/06/16 06:00		0.017659
11/06/16 06:00	0.09912351	
11/06/16 18:00	0.12245064	
12/06/16 00:00		0.742592
12/06/16 06:00		0.01
12/06/16 06:00		0.01
12/06/16 06:00	0.11846488	
12/06/16 12:00		0.01
12/06/16 12:00		0.01
12/06/16 12:00	0.05521932	
12/06/16 18:00		0.031766
12/06/16 18:00		0.032453
12/06/16 18:00	0.19297557	
13/06/16 00:00		0.021396
13/06/16 00:00		0.030182
13/06/16 00:00	0.08482003	
13/06/16 06:00		0.011044
13/06/16 06:00		0.011226
13/06/16 06:00	0.13355591	
13/06/16 12:00		0.01
13/06/16 12:00		0.01
13/06/16 12:00	0.11427323	
13/06/16 18:00		0.018797
13/06/16 18:00		0.019141
13/06/16 18:00	0.13466503	
14/06/16 00:00		0.01
14/06/16 00:00		0.01
14/06/16 00:00	0.09442249	
14/06/16 06:00		0.019947
14/06/16 06:00		0.033344
14/06/16 06:00	0.0734964	
14/06/16 12:00		0.01
14/06/16 12:00		0.01
14/06/16 12:00	0.1166517	
14/06/16 18:00		0.02884
14/06/16 18:00		0.02886
14/06/16 18:00	0.12614919	
15/06/16 00:00		0.020576
15/06/16 00:00		0.024997
15/06/16 00:00	0.07347956	
15/06/16 06:00		0.010944
15/06/16 06:00		0.011085
15/06/16 06:00	0.0689633	
15/06/16 12:00		0.01
15/06/16 12:00		0.01
15/06/16 12:00	0.10829877	
15/06/16 18:00		0.044719
15/06/16 18:00		0.045502
15/06/16 18:00	0.13721511	
16/06/16 00:00		0.01
16/06/16 00:00		0.01
16/06/16 00:00	0.07068964	
16/06/16 06:00	0.06307209	
16/06/16 12:00		0.01
16/06/16 12:00		0.01
16/06/16 12:00	0.08028104	
16/06/16 18:00		0.021651
16/06/16 18:00		0.034059
16/06/16 18:00	0.09407257	
17/06/16 00:00		0.013228
17/06/16 00:00		0.013322
17/06/16 00:00	0.08060276	
17/06/16 06:00		0.01
17/06/16 06:00		0.01
17/06/16 06:00	0.08295209	
17/06/16 12:00		0.025306
17/06/16 12:00		0.027127
17/06/16 12:00	0.09229775	
17/06/16 18:00		0.03122
17/06/16 18:00		0.031264
17/06/16 18:00	0.18889769	
18/06/16 00:00		0.01
18/06/16 00:00		0.01
18/06/16 00:00	0.10737736	
18/06/16 06:00		0.01
18/06/16 06:00		0.01
18/06/16 06:00	0.07868187	
18/06/16 12:00		0.01
18/06/16 12:00		0.01
18/06/16 12:00	0.09396767	
18/06/16 18:00		0.023382
18/06/16 18:00		0.032215
18/06/16 18:00	0.10549814	
19/06/16 00:00		0.016121
19/06/16 00:00		0.016935
19/06/16 00:00	0.09806276	
19/06/16 06:00		0.01179
19/06/16 06:00		0.011921
19/06/16 06:00	0.09738366	
19/06/16 12:00	0.11607138	
19/06/16 18:00		0.01
19/06/16 18:00		0.01
19/06/16 18:00	0.10258168	
20/06/16 00:00		0.01
20/06/16 00:00		0.01
20/06/16 00:00	0.08648357	
20/06/16 06:00		0.012166
20/06/16 06:00		0.013582
20/06/16 06:00	0.09664943	
20/06/16 12:00		0.017944
20/06/16 12:00		0.018908
20/06/16 12:00	0.08287984	
20/06/16 18:00		0.013192
20/06/16 18:00		0.014521
20/06/16 18:00	0.09294015	
21/06/16 00:00		0.024355
21/06/16 00:00		0.025837
21/06/16 00:00	0.06141413	
21/06/16 06:00		0.01
21/06/16 06:00		0.01
21/06/16 06:00	0.06997994	
21/06/16 12:00		0.01
21/06/16 12:00		0.01551
21/06/16 12:00	0.04992349	
21/06/16 18:00		0.120851
21/06/16 18:00		0.129353
21/06/16 18:00	0.03622161	
22/06/16 00:00		0.02238
22/06/16 00:00		0.028578
22/06/16 00:00	0.05417225	
22/06/16 06:00		0.01
22/06/16 06:00	0.03956436	
22/06/16 12:00		0.01
22/06/16 18:00		0.01
22/06/16 18:00		0.01
22/06/16 18:00	0.06904143	
23/06/16 00:00		0.01
23/06/16 00:00		0.01
23/06/16 00:00	0.07445712	
23/06/16 06:00		0.01
23/06/16 06:00		0.01
23/06/16 06:00	0.10346503	
23/06/16 12:00		0.01
23/06/16 12:00		0.01
23/06/16 12:00	0.08056082	
23/06/16 18:00		0.01967
23/06/16 18:00		0.019692
23/06/16 18:00	0.09134147	
24/06/16 00:00		0.01
24/06/16 00:00		0.012563
24/06/16 00:00	0.08465732	
24/06/16 06:00		0.01
24/06/16 06:00		0.01
24/06/16 06:00	0.07445859	
24/06/16 12:00	0.07815201	
24/06/16 18:00		0.014953
24/06/16 18:00		0.015131
24/06/16 18:00	0.11020198	
25/06/16 00:00		0.01
25/06/16 00:00		0.01
25/06/16 00:00	0.11080912	
25/06/16 06:00		0.01
25/06/16 06:00		0.01
25/06/16 06:00	0.08015406	
25/06/16 12:00		0.01
25/06/16 12:00		0.01
25/06/16 12:00	0.10755575	
25/06/16 18:00		0.01
25/06/16 18:00		0.01
25/06/16 18:00	0.09535529	
26/06/16 00:00		0.01
26/06/16 00:00		0.01
26/06/16 00:00	0.10447492	
26/06/16 06:00		0.01
26/06/16 06:00		0.01
26/06/16 06:00	0.09041325	
26/06/16 12:00		0.01
26/06/16 12:00		0.01
26/06/16 12:00	0.11125442	
26/06/16 18:00		0.011998
26/06/16 18:00		0.013236
26/06/16 18:00	0.14301663	
27/06/16 00:00		0.01
27/06/16 00:00		0.01
27/06/16 00:00	0.1436361	
27/06/16 06:01		0.01
27/06/16 06:01		0.01
27/06/16 06:01	0.12309851	
27/06/16 12:00		0.01
27/06/16 12:00		0.01
27/06/16 12:00	0.08792879	
27/06/16 18:00		0.01
27/06/16 18:00		0.01
27/06/16 18:00	0.1478282	
28/06/16 00:00		0.01
28/06/16 00:00		0.01
28/06/16 00:00	0.09253678	
28/06/16 06:00		0.01
28/06/16 06:00		0.01
28/06/16 06:00	0.13071412	
28/06/16 12:00		0.01
28/06/16 12:00		0.01
28/06/16 12:00	0.14351613	
28/06/16 18:00		0.01
28/06/16 18:00		0.01
28/06/16 18:00	0.13928603	
29/06/16 00:00		0.01
29/06/16 00:00		0.01
29/06/16 00:00	0.10497688	
29/06/16 06:00		0.01
29/06/16 06:00		0.01
29/06/16 06:00	0.09148843	
29/06/16 12:00		0.01
29/06/16 12:00		0.01
29/06/16 12:00	0.10859303	
29/06/16 18:00		0.01
29/06/16 18:00		0.01
29/06/16 18:00	0.10350275	
30/06/16 00:00		0.01
30/06/16 00:00		0.01
30/06/16 00:00	0.0620667	
30/06/16 06:00		0.01
30/06/16 06:00		0.01
30/06/16 06:00	0.07954598	
30/06/16 12:00		0.01
30/06/16 12:00		0.01
30/06/16 12:00	0.08269829	
30/06/16 18:00		0.010728
30/06/16 18:00		0.01134
30/06/16 18:00	0.08980821	
01/07/16 00:00		0.01
01/07/16 00:00		0.01
01/07/16 00:00	0.10308457	
01/07/16 06:00		0.01
01/07/16 06:00		0.011353
01/07/16 06:00	0.06075725	
01/07/16 12:00		0.021123
01/07/16 12:00		0.023793
01/07/16 12:00	0.05234702	
01/07/16 18:00	0.07518859	
02/07/16 00:00	0.05543956	
02/07/16 06:00		0.01
02/07/16 06:00		0.01
02/07/16 06:00	0.05910396	
02/07/16 12:00		0.020572
02/07/16 12:00		0.02071
02/07/16 12:00	0.07354873	
02/07/16 18:00	0.03867184	
03/07/16 00:00		0.01
03/07/16 00:00		0.01
03/07/16 00:00	0.06379475	
03/07/16 06:00		0.018796
03/07/16 06:00		0.019299
03/07/16 06:00	0.05665311	
03/07/16 12:00		0.01
03/07/16 12:00		0.01
03/07/16 12:00	0.05685825	
03/07/16 18:00		0.01
03/07/16 18:00		0.01
03/07/16 18:00	0.07141479	
04/07/16 00:00		0.01
04/07/16 00:00		0.01
04/07/16 00:00	0.06252564	
04/07/16 06:00		0.01
04/07/16 06:00		0.01
04/07/16 06:00	0.05064446	
04/07/16 12:00	0.05482691	
04/07/16 18:00		0.01
04/07/16 18:00		0.01696
04/07/16 18:00	0.05731324	
05/07/16 00:00		0.01
05/07/16 00:00		0.01
05/07/16 00:00	0.06424845	
05/07/16 06:00		0.01
05/07/16 06:00		0.01
05/07/16 06:00	0.0719595	
05/07/16 12:00	0.04288804	
05/07/16 18:00		0.029456
05/07/16 18:00		0.030455
05/07/16 18:00	0.04691183	
06/07/16 00:00	0.04812891	
06/07/16 06:00	0.04807614	
06/07/16 12:00		0.028593
06/07/16 12:00		0.029645
06/07/16 12:00	0.04461634	
06/07/16 18:00		0.016775
06/07/16 18:00		0.021495
06/07/16 18:00	0.05885476	
07/07/16 00:00		0.018912
07/07/16 00:00		0.021037
07/07/16 00:00	0.06016528	
07/07/16 06:00		0.019259
07/07/16 06:00		0.019668
07/07/16 06:00	0.03747197	
07/07/16 12:00		0.01
07/07/16 12:00	0.0272177	
07/07/16 18:00	0.04341431	
08/07/16 00:00		0.066472
08/07/16 00:00		0.066814
08/07/16 00:00	0.03872471	
08/07/16 06:00		0.011323
08/07/16 06:00		0.016171
08/07/16 06:00	0.04194556	
08/07/16 12:00	0.04705361	
08/07/16 18:00	0.02645385	
09/07/16 00:00		0.01
09/07/16 00:00		0.01
09/07/16 00:00	0.03423089	
09/07/16 06:00		0.023405
09/07/16 06:00	0.03757384	
09/07/16 12:00		0.01
09/07/16 12:00		0.01
09/07/16 12:00	0.04451386	
09/07/16 18:00		0.029068
09/07/16 18:00		0.029105
09/07/16 18:00	0.0519517	
10/07/16 00:00		0.01
10/07/16 00:00		0.012852
10/07/16 00:00	0.04992255	
10/07/16 06:00	0.07222348	
10/07/16 13:58	0.06015082	
10/07/16 18:00		0.026227
10/07/16 18:00		0.032865
10/07/16 18:00	0.04840839	
11/07/16 00:00		0.01
11/07/16 00:00		0.01
11/07/16 00:00	0.04703754	
11/07/16 06:00		0.022005
11/07/16 06:00	0.03378315	
11/07/16 13:09	0.0559379	
11/07/16 18:00		0.024062
11/07/16 18:00		0.024062
11/07/16 18:00	0.08066481	
12/07/16 00:00		0.01
12/07/16 00:00		0.01
12/07/16 00:00	0.12057627	
12/07/16 06:00		0.01
12/07/16 06:00		0.01
12/07/16 06:00	0.06704185	
12/07/16 13:36	0.06533105	
12/07/16 18:00		0.049795
12/07/16 18:00		0.050338
12/07/16 18:00	0.08028399	
13/07/16 00:00		0.01
13/07/16 00:00		0.01
13/07/16 00:00	0.09195092	
13/07/16 06:00		0.01
13/07/16 06:00		0.01
13/07/16 06:00	0.08735486	
13/07/16 12:00		0.01
13/07/16 12:00		0.01
13/07/16 12:00	0.03869502	
13/07/16 18:00		0.01
13/07/16 18:00		0.01
13/07/16 18:00	0.09524705	
14/07/16 00:00		0.01
14/07/16 00:00		0.01
14/07/16 00:00	0.030702	
14/07/16 06:00		0.01
14/07/16 06:00		0.01
14/07/16 06:00	0.11372485	
14/07/16 13:00	0.06242117	
14/07/16 18:00		0.032468
14/07/16 18:00		0.032544
14/07/16 18:00	0.08719348	
15/07/16 00:00		0.010753
15/07/16 00:00		0.010753
15/07/16 00:00	0.08907481	
15/07/16 12:00		0.01
15/07/16 12:00		0.01
15/07/16 12:00	0.0904179	
15/07/16 18:00		0.01
15/07/16 18:00		0.01
15/07/16 18:00	0.13812035	
16/07/16 00:00		0.01
16/07/16 00:00		0.01
16/07/16 00:00	0.11129106	
16/07/16 06:00		0.01
16/07/16 06:00		0.01
16/07/16 06:00	0.11704032	
16/07/16 12:00		0.01
16/07/16 12:00		0.01
16/07/16 12:00	0.13082907	
16/07/16 18:00		0.018321
16/07/16 18:00		0.018321
16/07/16 18:00	0.10177396	
17/07/16 00:00		0.01
17/07/16 00:00		0.01
17/07/16 00:00	0.13636312	
17/07/16 06:00	0.09702779	
17/07/16 12:00		0.01
17/07/16 12:00		0.01
17/07/16 12:00	0.13473134	
17/07/16 18:00		0.01018
17/07/16 18:00		0.01018
17/07/16 18:00	0.16292769	
18/07/16 00:00		0.01
18/07/16 00:00		0.01
18/07/16 00:00	0.08638513	
18/07/16 06:00		0.01
18/07/16 06:00		0.01
18/07/16 06:00	0.14928094	
18/07/16 12:00		0.01
18/07/16 12:00		0.01
18/07/16 12:00	0.19025491	
18/07/16 18:00		0.011688
18/07/16 18:00		0.011688
18/07/16 18:00	0.12645916	
19/07/16 00:00		0.01
19/07/16 00:00		0.01
19/07/16 00:00	0.12938715	
19/07/16 06:00		0.01
19/07/16 06:00		0.01
19/07/16 06:00	0.1468285	
19/07/16 12:00		0.01
19/07/16 12:00		0.01
19/07/16 12:00	0.15187627	
19/07/16 18:00		0.011813
19/07/16 18:00		0.011863
19/07/16 18:00	0.15077253	
20/07/16 00:00		0.01
20/07/16 00:00		0.01
20/07/16 00:00	0.19438568	
20/07/16 06:00		0.01
20/07/16 06:00		0.01
20/07/16 06:00	0.15924282	
20/07/16 12:00		0.01
20/07/16 12:00		0.01
20/07/16 12:00	0.22264579	
20/07/16 18:00		0.014661
20/07/16 18:00		0.014661
20/07/16 18:00	0.20486354	
21/07/16 00:00		0.01
21/07/16 00:00		0.01
21/07/16 00:00	0.22477062	
21/07/16 06:00		0.01
21/07/16 06:00		0.01
21/07/16 06:00	0.28564239	
21/07/16 12:00		0.01
21/07/16 12:00		0.01
21/07/16 12:00	0.34303858	
21/07/16 18:00		0.022797
21/07/16 18:00		0.022797
21/07/16 18:00	0.31765969	
22/07/16 00:00		0.01
22/07/16 00:00		0.01
22/07/16 00:00	0.40938909	
22/07/16 06:00		0.01
22/07/16 06:00		0.01
22/07/16 06:00	0.38678465	
22/07/16 12:00		0.01
22/07/16 12:00		0.01
22/07/16 12:00	0.17565397	
22/07/16 18:00		0.01
22/07/16 18:00		0.01
22/07/16 18:00	0.39514197	
23/07/16 00:00		0.01
23/07/16 00:00		0.01
23/07/16 00:00	0.40285219	
23/07/16 06:00		0.01
23/07/16 06:00		0.01
23/07/16 06:00	0.19542422	
23/07/16 12:00		0.01
23/07/16 12:00		0.01
23/07/16 12:00	0.26854166	
23/07/16 18:00		0.01
23/07/16 18:00		0.01
23/07/16 18:00	0.51708527	
24/07/16 00:00	0.14272443	
24/07/16 06:00		0.01
24/07/16 06:00		0.01
24/07/16 06:00	0.36681633	
24/07/16 12:00		0.01
24/07/16 12:00		0.01
24/07/16 12:00	0.48247529	
24/07/16 18:00		0.01
24/07/16 18:00		0.01
24/07/16 18:00	0.54483977	
25/07/16 00:00		0.01
25/07/16 00:00		0.01
25/07/16 00:00	0.49414683	
25/07/16 06:00		0.01
25/07/16 06:00		0.01
25/07/16 06:00	0.55223356	
25/07/16 12:00		0.01
25/07/16 12:00		0.01
25/07/16 12:00	0.51803809	
25/07/16 18:00		0.01
25/07/16 18:00		0.01
25/07/16 18:00	0.64506391	
26/07/16 00:00		0.01
26/07/16 00:00		0.01
26/07/16 00:00	0.52738277	
26/07/16 06:00		0.01
26/07/16 06:00		0.01
26/07/16 06:00	0.60400187	
26/07/16 12:00		0.01
26/07/16 12:00		0.01
26/07/16 12:00	0.4412496	
26/07/16 18:00		0.01
26/07/16 18:00		0.01
26/07/16 18:00	0.58192077	
27/07/16 00:00		0.01
27/07/16 00:00		0.01
27/07/16 00:00	0.62989428	
27/07/16 06:00		0.01
27/07/16 06:00		0.01
27/07/16 06:00	0.72245461	
27/07/16 12:00		0.01
27/07/16 12:00		0.01
27/07/16 12:00	0.54842782	
27/07/16 18:00		0.01
27/07/16 18:00		0.01
27/07/16 18:00	0.7113013	
28/07/16 00:00		0.01
28/07/16 00:00		0.01
28/07/16 00:00	0.58686273	
28/07/16 06:00		0.01
28/07/16 06:00		0.01
28/07/16 06:00	0.65935573	
28/07/16 12:00		0.01
28/07/16 12:00		0.01
28/07/16 12:00	0.60551711	
28/07/16 18:00		0.013546
28/07/16 18:00		0.013546
28/07/16 18:00	0.26832693	
29/07/16 00:00		0.01
29/07/16 00:00		0.01
29/07/16 00:00	0.47042862	
29/07/16 06:00		0.01
29/07/16 06:00		0.01
29/07/16 06:00	0.32720083	
29/07/16 12:00		0.01
29/07/16 12:00		0.01
29/07/16 12:00	0.46437414	
29/07/16 18:00		0.019533
29/07/16 18:00		0.019624
29/07/16 18:00	0.40964434	
30/07/16 00:00		0.01
30/07/16 00:00		0.01
30/07/16 00:00	0.40995922	
30/07/16 06:00		0.01
30/07/16 06:00		0.01
30/07/16 06:00	0.39950509	
30/07/16 12:00		0.01
30/07/16 12:00		0.01
30/07/16 12:00	0.43801516	
30/07/16 18:00		0.01
30/07/16 18:00		0.01
30/07/16 18:00	0.32277275	
31/07/16 00:00		0.01
31/07/16 00:00		0.01
31/07/16 00:00	0.37027972	
31/07/16 06:00		0.01
31/07/16 06:00		0.01
31/07/16 06:00	0.31699901	
31/07/16 12:00		0.01
31/07/16 12:00		0.01
31/07/16 12:00	0.32875509	
31/07/16 18:00		0.01
31/07/16 18:00		0.01
31/07/16 18:00	0.39230856	
01/08/16 00:00		0.01
01/08/16 00:00		0.01
01/08/16 00:00	0.2995307	
01/08/16 06:00		0.01
01/08/16 06:00		0.01
01/08/16 06:00	0.24858098	
01/08/16 12:00		0.01
01/08/16 12:00		0.01
01/08/16 12:00	0.34797774	
01/08/16 18:00		0.01
01/08/16 18:00		0.01
01/08/16 18:00	0.31309017	
02/08/16 00:00		0.01
02/08/16 00:00		0.01
02/08/16 00:00	0.15226237	
02/08/16 06:00		0.01
02/08/16 06:00		0.01
02/08/16 06:00	0.28850887	
02/08/16 12:00		0.01
02/08/16 12:00		0.01
02/08/16 12:00	0.239875	
02/08/16 18:00		0.027399
02/08/16 18:00		0.027399
02/08/16 18:00	0.24020798	
03/08/16 00:00		0.016169
03/08/16 00:00		0.016416
03/08/16 00:00	0.20469283	
03/08/16 12:00		0.054881
03/08/16 12:00		0.061132
03/08/16 12:00	0.15182031	
03/08/16 18:00		0.024394
03/08/16 18:00		0.024446
03/08/16 18:00	0.24555032	
04/08/16 00:00		0.01
04/08/16 00:00		0.01
04/08/16 00:00	0.23059779	
04/08/16 06:00		0.014638
04/08/16 06:00		0.047921
04/08/16 06:00	0.16320245	
04/08/16 18:00	0.09297097	
05/08/16 00:00		0.01626
05/08/16 06:00		0.01
05/08/16 12:00		0.01
05/08/16 12:00		0.01
05/08/16 12:00	0.20283317	
05/08/16 18:00		0.01
05/08/16 18:00		0.01
05/08/16 18:00	0.26977592	
06/08/16 00:00		0.01
06/08/16 00:00		0.01
06/08/16 00:00	0.2627933	
06/08/16 06:00		0.01
06/08/16 06:00		0.01
06/08/16 06:00	0.24330338	
06/08/16 12:00		0.01
06/08/16 12:00		0.01
06/08/16 12:00	0.2365354	
06/08/16 18:00		0.011659
06/08/16 18:00		0.011659
06/08/16 18:00	0.21107556	
07/08/16 00:00		0.01
07/08/16 00:00		0.01
07/08/16 00:00	0.20961605	
07/08/16 06:00		0.01
07/08/16 06:00		0.01
07/08/16 06:00	0.14865686	
07/08/16 12:00		0.01
07/08/16 12:00		0.01
07/08/16 12:00	0.16471895	
07/08/16 18:00		0.010372
07/08/16 18:00		0.010372
07/08/16 18:00	0.19673185	
08/08/16 00:00		0.01
08/08/16 00:00		0.01
08/08/16 00:00	0.12688964	
08/08/16 06:00		0.011164
08/08/16 06:00		0.011164
08/08/16 06:00	0.16887094	
08/08/16 12:00		0.01
08/08/16 12:00		0.01
08/08/16 12:00	0.11999547	
08/08/16 18:00		0.012789
08/08/16 18:00		0.012789
08/08/16 18:00	0.1372961	
09/08/16 00:00		0.01
09/08/16 00:00		0.01
09/08/16 00:00	0.12020126	
09/08/16 06:00		0.01
09/08/16 06:00		0.01
09/08/16 06:00	0.14025007	
09/08/16 12:00		0.01
09/08/16 12:00		0.01
09/08/16 12:00	0.14522381	
09/08/16 18:00		0.042105
09/08/16 18:00		0.043061
09/08/16 18:00	0.10973878	
10/08/16 00:00		0.01
10/08/16 00:00		0.01
10/08/16 00:00	0.09763804	
10/08/16 06:00		0.01
10/08/16 06:00		0.01
10/08/16 06:00	0.10621288	
10/08/16 12:00		0.01
10/08/16 12:00		0.01
10/08/16 12:00	0.10454587	
10/08/16 18:00		0.01
10/08/16 18:00		0.01
10/08/16 18:00	0.10120916	
11/08/16 00:00		0.01
11/08/16 00:00		0.01
11/08/16 00:00	0.07179705	
11/08/16 06:00		0.01
11/08/16 06:00		0.01
11/08/16 06:00	0.05968842	
11/08/16 12:00		0.01
11/08/16 12:00		0.01
11/08/16 12:00	0.05675408	
11/08/16 18:00		0.035643
11/08/16 18:00		0.03652
11/08/16 18:00	0.08208853	
12/08/16 00:00		0.010355
12/08/16 00:00		0.01776
12/08/16 00:00	0.05539907	
12/08/16 18:00		0.01267
12/08/16 18:00		0.01507
12/08/16 18:00	0.05709975	
13/08/16 00:00		0.020193
13/08/16 00:00		0.027272
13/08/16 00:00	0.03910114	
13/08/16 13:12	0.02196363	
13/08/16 18:00		0.079033
13/08/16 18:00		0.0907
13/08/16 18:00	0.03654665	
14/08/16 00:00		0.052589
14/08/16 00:00		0.054107
14/08/16 00:00	0.03908926	
14/08/16 06:00		0.094559
14/08/16 06:00		0.094635
14/08/16 06:00	0.04512105	
14/08/16 12:00		0.0499
14/08/16 12:00		0.050751
14/08/16 12:00	0.03373156	
14/08/16 18:00		0.118166
14/08/16 18:00		0.1218
14/08/16 18:00	0.04543908	
15/08/16 00:00		0.11757
15/08/16 00:00		0.11769
15/08/16 00:00	0.03069511	
15/08/16 18:00	0.02340038	
16/08/16 00:00		0.070824
16/08/16 00:00	0.02320962	
16/08/16 06:00		0.025447
16/08/16 06:00	0.02027099	
16/08/16 12:00		0.061524
16/08/16 12:00	0.02181851	
16/08/16 18:00		0.135533
16/08/16 18:00		0.143002
16/08/16 18:00	0.02563952	
17/08/16 00:00		0.091877
17/08/16 00:00	0.02208141	
17/08/16 12:00		0.104714
17/08/16 12:00	0.02285763	
17/08/16 18:00		0.068481
17/08/16 18:00		0.07951
17/08/16 18:00	0.03250513	
18/08/16 06:00		0.08851
18/08/16 06:00		0.125176
18/08/16 06:00	0.03623257	
18/08/16 12:00		0.220349
18/08/16 12:00		0.277819
18/08/16 12:00	0.02539803	
19/08/16 00:00		0.070092
19/08/16 00:00		0.087786
19/08/16 00:00	0.03204157	
19/08/16 12:00		0.01
19/08/16 12:00		0.068721
19/08/16 12:00	0.02228883	
19/08/16 18:00		0.2872
19/08/16 18:00		0.312762
19/08/16 18:00	0.02611321	
04/09/16 12:00		0.705652
04/09/16 12:00	0.01553882	
07/09/16 06:00		0.191905
07/09/16 06:00	0.02592701	
07/09/16 12:00		0.247431
07/09/16 12:00		0.266144
07/09/16 12:00	0.02291468	
08/09/16 00:00		0.113218
08/09/16 00:00		0.116779
08/09/16 00:00	0.0249546	
08/09/16 06:00		0.2139
08/09/16 06:00	0.02226005	
08/09/16 12:00		0.322556
08/09/16 12:00	0.0217123	
08/09/16 18:00		0.021764
08/09/16 18:00		0.178617
08/09/16 18:00	0.02197374	
09/09/16 00:00		0.15883
09/09/16 00:00		0.15883
09/09/16 00:00	0.01931987	
09/09/16 06:00		0.203726
09/09/16 06:00		0.203726
09/09/16 06:00	0.02141636	
09/09/16 12:00		0.084259
09/09/16 12:00		0.084259
09/09/16 12:00	0.02293154	
09/09/16 18:00		0.238632
09/09/16 18:00		0.238632
09/09/16 18:00	0.02790763	
18/10/16 15:37		3.11527
18/10/16 15:37	0.01606809	
18/10/16 18:00		3.204286
18/10/16 18:00	0.01615225	
19/10/16 00:00		1.118322
19/10/16 00:00		1.118322
19/10/16 00:00	0.01668044	
22/10/16 06:00		2.692432
22/10/16 06:00		2.692432
22/10/16 06:00	0.02120889	
22/10/16 12:00		2.818979
22/10/16 12:00		2.82621
22/10/16 12:00	0.01419896	
22/10/16 18:00		2.633186
22/10/16 18:00		2.633186
22/10/16 18:00	0.02593679	
23/10/16 00:00		2.921829
23/10/16 00:00		2.921829
23/10/16 00:00	0.02820774	
23/10/16 12:00		2.927565
23/10/16 12:00		2.927565
23/10/16 12:00	0.03776164	
23/10/16 18:00		3.246988
23/10/16 18:00		3.246988
23/10/16 18:00	0.03234962	
24/10/16 00:00		3.131202
24/10/16 00:00		3.131202
24/10/16 00:00	0.02747326	
24/10/16 06:00		3.279677
24/10/16 06:00		3.279677
24/10/16 06:00	0.0200101	
24/10/16 12:00		3.221551
24/10/16 12:00		3.221551
24/10/16 12:00	0.02403901	
24/10/16 18:00		2.703287
24/10/16 18:00		2.703287
24/10/16 18:00	0.03436522	
25/10/16 12:00		3.273116
25/10/16 12:00		3.273116
25/10/16 12:00	0.02260917	
25/10/16 18:00		2.910191
25/10/16 18:00		2.910191
25/10/16 18:00	0.03260317	
29/10/16 18:00		2.503587
29/10/16 18:00		2.503587
29/10/16 18:00	0.02648487	
31/10/16 00:00		3.276347
31/10/16 00:00		3.278555
31/10/16 00:00	0.01236679	
01/11/16 12:00		3.952388
01/11/16 12:00		3.953878
01/11/16 12:00	0.01689567	
01/11/16 18:00		3.556709
01/11/16 18:00		3.556709
01/11/16 18:00	0.01632737	
03/11/16 18:00		2.681942
03/11/16 18:00		2.681942
03/11/16 18:00	0.02547075	
04/11/16 18:00		3.095354
04/11/16 18:00		3.095354
04/11/16 18:00	0.02152907	
06/11/16 00:00		3.31508
06/11/16 00:00		3.31508
06/11/16 00:00	0.01783134	
06/11/16 06:00		3.195464
06/11/16 06:00		3.195464
06/11/16 06:00	0.01974592	
06/11/16 12:00		3.591805
06/11/16 12:00		3.591805
06/11/16 12:00	0.02331991	
06/11/16 18:00		3.661006
06/11/16 18:00		3.661006
06/11/16 18:00	0.02536066	
07/11/16 00:00		3.585682
07/11/16 00:00		3.585682
07/11/16 00:00	0.01962394	
07/11/16 06:00		3.120483
07/11/16 06:00		3.121499
07/11/16 06:00	0.01576598	
07/11/16 12:00		3.641291
07/11/16 12:00		3.642193
07/11/16 12:00	0.01483881	
08/11/16 00:00		3.130319
08/11/16 00:00		3.130319
08/11/16 00:00	0.01640199	
08/11/16 18:00		2.615254
08/11/16 18:00		2.615254
08/11/16 18:00	0.0211172	
09/11/16 18:00		2.119111
09/11/16 18:00		2.119111
09/11/16 18:00	0.02089954	
10/11/16 00:00		2.569586
10/11/16 00:00		2.682435
10/11/16 00:00	0.01452689	
10/11/16 06:01		2.866481
10/11/16 06:01		2.866481
10/11/16 06:01	0.0169675	
10/11/16 12:00		2.721944
10/11/16 12:00		2.721944
10/11/16 12:00	0.01860926	
10/11/16 18:00		3.059038
10/11/16 18:00		3.059038
10/11/16 18:00	0.02416981	
11/11/16 00:00		2.794005
11/11/16 00:00		2.794005
11/11/16 00:00	0.02282457	
11/11/16 06:00		2.879589
11/11/16 06:00		2.879589
11/11/16 06:00	0.01692905	
11/11/16 12:00		3.343105
11/11/16 12:00		3.343105
11/11/16 12:00	0.0220751	
12/11/16 06:00		2.94657
12/11/16 06:00		2.960537
12/11/16 06:00	0.01717136	
12/11/16 12:00		3.270068
12/11/16 12:00		3.296064
12/11/16 12:00	0.01612222	
12/11/16 18:00		3.830504
12/11/16 18:00		3.830504
12/11/16 18:00	0.01256484	
13/11/16 00:00		3.35292
13/11/16 00:00		3.35292
13/11/16 00:00	0.01669739	
13/11/16 06:00		3.278589
13/11/16 06:00		3.278589
13/11/16 06:00	0.01275913	
13/11/16 12:00		3.877398
13/11/16 12:00	0.00869847	
13/11/16 18:00		3.067404
13/11/16 18:00		3.090579
13/11/16 18:00	0.01252294	
14/11/16 00:00		2.449884
14/11/16 00:00		2.500213
14/11/16 00:00	0.00988786	
14/11/16 06:00		3.900587
14/11/16 06:00		3.958197
14/11/16 06:00	0.01249312	
14/11/16 18:00		3.235354
14/11/16 18:00		3.248717
14/11/16 18:00		3.478425
14/11/16 18:00	0.01052131	
15/11/16 00:00		3.625693
15/11/16 00:00		3.714276
15/11/16 00:00		3.714276
15/11/16 00:00	0.01273921	
15/11/16 14:53		3.398549
15/11/16 14:53		3.409754
15/11/16 14:53		3.462313
15/11/16 14:53	0.0133252	
15/11/16 18:00		3.545639
15/11/16 18:00		3.546962
15/11/16 18:00		3.549809
15/11/16 18:00	0.0128065	
16/11/16 00:00		3.282938
16/11/16 00:00		3.299855
16/11/16 06:00		2.993477
16/11/16 06:00		2.99643
16/11/16 18:00		3.000176
16/11/16 18:00		3.239823
16/11/16 18:00		3.24845
16/11/16 18:00	0.01069583	
17/11/16 00:00		2.956129
17/11/16 00:00		2.956129
17/11/16 00:00		2.974043
17/11/16 00:00	0.01325418	
17/11/16 06:00		2.714217
17/11/16 06:00		2.715058
17/11/16 06:00		2.729231
17/11/16 06:00	0.01348235	
17/11/16 12:00		2.510062
17/11/16 12:00		2.510062
17/11/16 12:00		2.516825
17/11/16 12:00	0.0110865	
17/11/16 18:00		2.808334
17/11/16 18:00		2.813954
17/11/16 18:00		2.815569
17/11/16 18:00	0.01843233	
18/11/16 00:00		2.750043
18/11/16 00:00		2.750043
18/11/16 00:00		2.756687
18/11/16 00:00	0.01947657	
18/11/16 06:00		2.709643
18/11/16 06:00		2.712578
18/11/16 06:00		2.712619
18/11/16 06:00	0.01375095	
18/11/16 18:00		3.118817
18/11/16 18:00		3.122632
18/11/16 18:00		3.137604
18/11/16 18:00	0.01121339	
19/11/16 00:00		3.11769
19/11/16 00:00		3.146884
19/11/16 00:00		3.152853
19/11/16 00:00	0.0120714	
19/11/16 06:00		2.755044
19/11/16 12:00		3.153041
19/11/16 12:00		3.167263
19/11/16 12:00		3.191258
19/11/16 12:00	0.01190246	
19/11/16 18:00		4.090676
19/11/16 18:00		4.090676
19/11/16 18:00		4.09433
19/11/16 18:00	0.01229616	
20/11/16 00:00		3.000949
20/11/16 00:00		3.009917
20/11/16 06:00		2.715731
20/11/16 12:00		3.029831
20/11/16 18:00		3.167031
20/11/16 18:00		3.188566
21/11/16 00:00		2.710744
21/11/16 00:00		2.823151
21/11/16 12:00		3.024789
21/11/16 18:00		3.49109
21/11/16 18:00		3.513771
22/11/16 00:00		3.248881
22/11/16 00:00		3.270434
22/11/16 00:00		3.276962
22/11/16 00:00	0.01232731	
22/11/16 06:00		2.838048
22/11/16 06:00		3.050528
22/11/16 06:00		3.093398
22/11/16 06:00	0.00963291	
22/11/16 12:00		3.510703
22/11/16 18:00		2.575215
22/11/16 18:00		2.592083
22/11/16 18:00		2.61747
22/11/16 18:00	0.0161265	
23/11/16 00:00		2.972219
23/11/16 00:00		2.98684
23/11/16 00:00		2.995058
23/11/16 00:00	0.01371795	
23/11/16 06:00		2.437848
23/11/16 06:00		2.546583
23/11/16 12:00		3.688634
23/11/16 18:00		3.617113
23/11/16 18:00		3.644662
24/11/16 00:00		3.073942
24/11/16 06:00		3.126816
24/11/16 06:00		3.142915
24/11/16 12:00		3.075747
24/11/16 12:00		3.177444
24/11/16 18:00		3.31964
24/11/16 18:00		3.33357
25/11/16 00:00		2.81292
25/11/16 06:00		3.635025
25/11/16 06:00		3.736618
25/11/16 06:00		3.778372
25/11/16 06:00	0.00911184	
25/11/16 12:00		3.746388
25/11/16 12:00		3.747177
25/11/16 18:00		3.713719
25/11/16 18:00		3.755661
25/11/16 18:00		3.800334
25/11/16 18:00	0.00994278	
26/11/16 00:00		3.66535
26/11/16 18:00		2.904014
26/11/16 18:00		2.90779
26/11/16 18:00		2.971254
26/11/16 18:00	0.01909283	
27/11/16 00:00		3.102602
27/11/16 00:00		3.152571
27/11/16 00:00		3.158471
27/11/16 00:00	0.00750791	
27/11/16 06:00		3.588119
27/11/16 06:00		3.607579
27/11/16 06:00		3.634797
27/11/16 06:00	0.011875	
27/11/16 12:00		3.406118
27/11/16 12:00		3.492622
27/11/16 12:00		3.636519
27/11/16 12:00	0.01376014	
27/11/16 18:00		4.224586
27/11/16 18:00		4.361505
28/11/16 00:00		3.334322
29/11/16 06:00		3.435282
29/11/16 06:00		3.461515
29/11/16 06:00		3.491062
29/11/16 06:00	0.00636134	
29/11/16 12:00		3.455056
29/11/16 12:00		3.521465
29/11/16 18:00		3.517721
29/11/16 18:00		3.556024
29/11/16 18:00		3.568148
29/11/16 18:00	0.01046794	
30/11/16 00:00		3.676968
30/11/16 06:00		4.03101
30/11/16 12:00		3.07603
30/11/16 12:00		3.117447
30/11/16 12:00		3.129033
30/11/16 12:00	0.00605911	
30/11/16 18:00		2.690245
30/11/16 18:00		2.756345
01/12/16 00:00		2.152121
01/12/16 00:00		2.528522
01/12/16 06:00		3.291295
01/12/16 06:00		3.293355
01/12/16 06:00		3.30799
01/12/16 06:00	0.00979732	
01/12/16 12:00		3.419193
01/12/16 12:00		3.44145
01/12/16 18:00		3.38526
01/12/16 18:00		3.388352
01/12/16 18:00		3.398228
01/12/16 18:00	0.0122555	
02/12/16 00:00		3.202138
02/12/16 00:00		3.203418
02/12/16 00:00		3.209385
02/12/16 00:00	0.01175151	
02/12/16 06:00		2.648252
02/12/16 06:00		2.648372
02/12/16 06:00		2.648372
02/12/16 06:00	0.01416207	
02/12/16 12:00		2.717098
02/12/16 12:00		2.749069
02/12/16 12:00		2.770755
02/12/16 12:00	0.00955545	
02/12/16 18:00		2.879379
02/12/16 18:00		2.882725
02/12/16 18:00		2.882725
02/12/16 18:00	0.01591938	
03/12/16 00:00		2.591319
03/12/16 00:00		2.614171
03/12/16 00:00		2.751955
03/12/16 00:00	0.01153852	
03/12/16 06:00		3.11398
03/12/16 06:00		3.115072
03/12/16 06:00		3.118647
03/12/16 06:00	0.01196645	
03/12/16 12:00		2.949429
03/12/16 12:00		3.026834
03/12/16 12:00		3.036306
03/12/16 12:00	0.01173106	
03/12/16 18:00		2.836321
03/12/16 18:00		2.841931
03/12/16 18:00		2.947761
03/12/16 18:00	0.01268103	
04/12/16 06:00		2.4187
05/12/16 00:00		2.570951
05/12/16 00:00		3.083956
05/12/16 00:00		3.140195
05/12/16 00:00	0.0092306	
05/12/16 12:00		2.994337
05/12/16 12:00		3.104399
05/12/16 18:00		3.40374
05/12/16 18:00		3.415023
05/12/16 18:00		3.454041
05/12/16 18:00	0.01076358	
06/12/16 06:00		3.236101
06/12/16 06:00		3.236806
06/12/16 06:00		3.248782
06/12/16 06:00	0.01008368	
06/12/16 18:00		2.519898
06/12/16 18:00		2.555058
06/12/16 18:00		2.614019
06/12/16 18:00	0.01824117	
08/12/16 18:00		2.802201
08/12/16 18:00		2.815812
08/12/16 18:00		2.875033
08/12/16 18:00	0.01273234	
09/12/16 06:00		2.649084
09/12/16 06:00		2.672521
09/12/16 06:00		2.681551
09/12/16 06:00	0.01617537	
09/12/16 12:00		2.731598
09/12/16 12:00		2.783678
09/12/16 12:00		2.8121
09/12/16 12:00	0.01071793	
09/12/16 18:00		3.229924
09/12/16 18:00		3.238931
09/12/16 18:00		3.270288
09/12/16 18:00	0.016191	
10/12/16 00:00		1.273699
10/12/16 00:00		2.498747
10/12/16 00:00	0.01479863	
10/12/16 06:00		2.576285
10/12/16 06:00		2.577109
10/12/16 06:00		2.58804
10/12/16 06:00	0.0163209	
10/12/16 12:00		2.359076
10/12/16 12:00		2.378345
10/12/16 12:00		2.381512
10/12/16 12:00	0.01260815	
10/12/16 18:00		2.760275
10/12/16 18:00		2.795735
10/12/16 18:00		2.808536
10/12/16 18:00	0.01725893	
11/12/16 00:00		2.701165
11/12/16 00:00		2.738509
11/12/16 00:00		2.79165
11/12/16 00:00	0.01515424	
11/12/16 06:00		2.569066
11/12/16 06:00		2.604984
11/12/16 06:00		2.625147
11/12/16 06:00	0.01473114	
11/12/16 12:00		2.77006
11/12/16 12:00		2.794386
11/12/16 12:00		2.855431
11/12/16 12:00	0.01416067	
11/12/16 18:00		2.699813
11/12/16 18:00		2.857176
11/12/16 18:00		2.897425
11/12/16 18:00	0.0176979	
13/12/16 00:00		2.025305
13/12/16 00:00		2.949353
13/12/16 06:00		2.652368
13/12/16 06:00		2.698624
13/12/16 12:00		2.675144
13/12/16 12:00		2.678562
13/12/16 12:00		2.678632
13/12/16 12:00	0.01174032	
13/12/16 18:00		2.709387
13/12/16 18:00		2.753935
13/12/16 18:00	0.01102415	
14/12/16 00:00		2.732166
14/12/16 00:00		2.869567
14/12/16 00:00		2.885432
14/12/16 00:00	0.01180486	
14/12/16 06:00		2.45081
14/12/16 06:00		2.460307
14/12/16 06:00		2.469071
14/12/16 06:00	0.01383441	
14/12/16 12:00		2.339899
14/12/16 12:00		2.363955
14/12/16 12:00		2.399728
14/12/16 12:00	0.01201357	
14/12/16 18:00		2.784247
14/12/16 18:00		2.820746
14/12/16 18:00		2.857584
14/12/16 18:00	0.01326638	
15/12/16 00:00		2.70539
15/12/16 00:00		2.714909
15/12/16 00:00		2.776741
15/12/16 00:00	0.01347766	
15/12/16 06:00		2.644265
15/12/16 06:00		2.677844
15/12/16 06:00		2.837034
15/12/16 06:00	0.01078401	
15/12/16 12:00		2.959664
15/12/16 12:00		2.965111
15/12/16 18:00		3.186534
15/12/16 18:00		3.187245
15/12/16 18:00		3.202322
15/12/16 18:00	0.01306087	
16/12/16 00:00		2.715626
16/12/16 00:00		2.717966
16/12/16 00:00		2.720297
16/12/16 00:00	0.01468249	
16/12/16 06:00		2.798335
16/12/16 06:00		2.819345
16/12/16 06:00		2.826881
16/12/16 06:00	0.01585669	
16/12/16 12:00		2.700894
16/12/16 12:00		2.701421
16/12/16 12:00		2.712681
16/12/16 12:00	0.01344997	
16/12/16 18:00		3.133884
16/12/16 18:00		3.135928
16/12/16 18:00		3.151559
16/12/16 18:00	0.01345855	
17/12/16 00:00		2.828893
17/12/16 00:00		2.845435
17/12/16 06:00		2.741132
17/12/16 06:00		2.741633
17/12/16 06:00		2.745857
17/12/16 06:00	0.01389735	
17/12/16 12:00		2.504854
17/12/16 12:00		2.545185
17/12/16 12:00		2.561183
17/12/16 12:00	0.0173087	
17/12/16 18:00		2.826502
17/12/16 18:00		2.827023
17/12/16 18:00		2.842657
17/12/16 18:00	0.01301504	
18/12/16 00:00		2.337647
18/12/16 00:00		2.379419
18/12/16 06:00		2.762912
18/12/16 06:00		2.794702
18/12/16 12:00		2.692783
18/12/16 12:00		2.773266
18/12/16 18:00		2.145529
18/12/16 18:00		2.156077
18/12/16 18:00		2.212996
18/12/16 18:00	0.02395015	
19/12/16 00:00		2.510052
19/12/16 00:00		2.531202
19/12/16 00:00		2.567756
19/12/16 00:00	0.01339797	
19/12/16 06:00		2.406217
19/12/16 06:00		2.417979
19/12/16 06:00		2.451051
19/12/16 06:00	0.01661306	
19/12/16 12:00		2.641211
19/12/16 12:00		2.65612
19/12/16 12:00		2.667396
19/12/16 12:00	0.01564032	
19/12/16 18:00		2.664717
19/12/16 18:00		2.680751
19/12/16 18:00		2.72386
19/12/16 18:00	0.01681457	
20/12/16 00:00		2.44021
20/12/16 00:00		2.444163
20/12/16 00:00		2.458717
20/12/16 00:00	0.01739268	
20/12/16 06:00		2.358169
20/12/16 06:00		2.369939
20/12/16 06:00		2.385631
20/12/16 06:00	0.02328385	
20/12/16 12:00		2.219383
20/12/16 12:00		2.245911
20/12/16 12:00		2.256597
20/12/16 12:00	0.01909824	
20/12/16 18:00		3.029028
20/12/16 18:00		3.035806
20/12/16 18:00		3.035898
20/12/16 18:00	0.0196994	
21/12/16 00:00		2.585364
21/12/16 00:00		2.585735
21/12/16 00:00		2.612808
21/12/16 00:00	0.01581006	
21/12/16 06:00		2.541803
21/12/16 06:00		2.569073
21/12/16 06:00		2.61504
21/12/16 06:00	0.0112677	
21/12/16 12:00		2.408884
21/12/16 12:00		2.419225
21/12/16 12:00		2.529209
21/12/16 18:00		2.472222
21/12/16 18:00		2.491512
21/12/16 18:00		2.53348
21/12/16 18:00	0.01499711	
22/12/16 00:00		2.354785
22/12/16 00:00		2.37305
22/12/16 06:00		2.34332
22/12/16 06:00		2.349194
22/12/16 06:00		2.361909
22/12/16 06:00	0.01420912	
22/12/16 12:00		2.504683
22/12/16 12:00		2.581537
22/12/16 12:00		2.587548
22/12/16 18:00		2.660038
22/12/16 18:00		2.686314
22/12/16 18:00		2.689994
22/12/16 18:00	0.01896188	
23/12/16 00:00		2.418032
23/12/16 00:00		2.423122
23/12/16 00:00		2.472716
23/12/16 00:00	0.0163171	
23/12/16 06:00		2.00607
23/12/16 06:00		2.027938
23/12/16 06:00		2.05964
23/12/16 06:00	0.01498182	
23/12/16 12:00		2.225564
23/12/16 12:00		2.235038
23/12/16 12:00		2.244119
23/12/16 12:00	0.01030284	
23/12/16 18:00		2.727484
23/12/16 18:00		2.744783
23/12/16 18:00		2.745022
23/12/16 18:00	0.01485694	
24/12/16 00:00		2.692808
24/12/16 00:00		2.699292
24/12/16 00:00		2.711051
24/12/16 00:00	0.01984468	
24/12/16 06:00		2.273996
24/12/16 06:00		2.275146
24/12/16 06:00		2.285135
24/12/16 06:00	0.01621809	
24/12/16 12:00		2.49474
24/12/16 12:00		2.506844
24/12/16 18:00		1.967222
24/12/16 18:00		1.967325
24/12/16 18:00		1.975773
24/12/16 18:00	0.02097379	
25/12/16 00:00		2.053536
25/12/16 00:00		2.078251
25/12/16 00:00		2.078933
25/12/16 00:00	0.01612431	
25/12/16 06:00		1.912187
25/12/16 06:00		1.916056
25/12/16 06:00		1.936067
25/12/16 06:00	0.01461432	
25/12/16 12:00		2.521331
25/12/16 12:00		2.540325
25/12/16 18:00		2.273834
25/12/16 18:00		2.285792
25/12/16 18:00		2.290104
25/12/16 18:00	0.02002326	
26/12/16 00:00		2.45392
26/12/16 00:00		2.454982
26/12/16 00:00		2.469556
26/12/16 00:00	0.01686092	
26/12/16 12:00		1.676867
26/12/16 12:00		1.733119
26/12/16 12:00	0.01747112	
26/12/16 18:00		2.099307
26/12/16 18:00		2.111651
26/12/16 18:00	0.02333475	
27/12/16 00:00		1.888965
27/12/16 00:00		1.88938
27/12/16 00:00		1.903569
27/12/16 00:00	0.01764417	
27/12/16 06:00		1.841262
27/12/16 06:00		1.879159
27/12/16 06:00		1.926693
27/12/16 06:00	0.01676513	
27/12/16 12:00		2.489857
27/12/16 12:00		2.490087
27/12/16 12:00		2.523723
27/12/16 12:00	0.01817736	
27/12/16 18:00		2.818004
27/12/16 18:00		2.869681
27/12/16 18:00		2.909457
27/12/16 18:00	0.01833392	
28/12/16 00:00		2.255749
28/12/16 00:00		2.29247
28/12/16 00:00		2.298779
28/12/16 00:00	0.01660025	
28/12/16 06:00		2.549895
28/12/16 06:00		2.583064
28/12/16 12:00		2.577629
28/12/16 12:00		2.597028
28/12/16 12:00		2.689057
28/12/16 12:00	0.01631185	
28/12/16 18:00		2.570585
28/12/16 18:00		2.601221
28/12/16 18:00		2.610746
28/12/16 18:00	0.01713154	
29/12/16 00:00		2.310078
29/12/16 00:00		2.337016
29/12/16 00:00		2.418513
29/12/16 00:00	0.01724456	
29/12/16 06:00		2.756828
29/12/16 06:00		2.760372
29/12/16 12:00		2.432492
29/12/16 12:00		2.449822
29/12/16 12:00		2.53637
29/12/16 12:00	0.01344972	
29/12/16 18:00		2.877913
29/12/16 18:00		2.883943
29/12/16 18:00		2.89324
29/12/16 18:00	0.01563964	
30/12/16 00:00		2.52539
30/12/16 00:00		2.536365
30/12/16 00:00		2.538321
30/12/16 00:00	0.01202923	
30/12/16 06:00		2.382023
30/12/16 06:00		2.402509
30/12/16 06:00		2.41958
30/12/16 06:00	0.01653519	
30/12/16 12:00		2.533462
30/12/16 12:00		2.543178
30/12/16 12:00		2.543975
30/12/16 12:00	0.01780911	
30/12/16 18:00		2.740324
30/12/16 18:00		2.740324
30/12/16 18:00		2.745728
30/12/16 18:00	0.02828452	
31/12/16 00:00		2.676575
31/12/16 00:00		2.676575
31/12/16 00:00		2.695354
31/12/16 00:00	0.02239035	
31/12/16 06:00		2.692546
31/12/16 06:00		2.692546
31/12/16 06:00		2.701867
31/12/16 06:00	0.02101949	
31/12/16 12:00		2.712225
31/12/16 12:00		2.712225
31/12/16 12:00		2.722924
31/12/16 12:00	0.01666665	
31/12/16 18:00		3.15628
31/12/16 18:00		3.156463
31/12/16 18:00		3.225694
31/12/16 18:00	0.01467936	
01/01/17 00:00		2.554339
01/01/17 00:00		2.555084
01/01/17 00:00		2.566708
01/01/17 00:00	0.02129955	
01/01/17 06:00		2.645728
01/01/17 06:00		2.645728
01/01/17 06:00		2.651136
01/01/17 06:00	0.02246244	
01/01/17 12:00		2.665742
01/01/17 12:00		2.699754
01/01/17 12:00		2.703429
01/01/17 12:00	0.01615194	
01/01/17 18:00		2.829623
01/01/17 18:00		2.835837
01/01/17 18:00		2.836383
01/01/17 18:00	0.01830386	
02/01/17 00:00		2.421259
02/01/17 00:00		2.421419
02/01/17 00:00		2.432239
02/01/17 00:00	0.01608824	
02/01/17 06:00		2.679939
02/01/17 06:00		2.680352
02/01/17 06:00		2.683822
02/01/17 06:00	0.02312609	
02/01/17 12:00		2.708073
02/01/17 12:00		2.709154
02/01/17 12:00		2.712121
02/01/17 12:00	0.01648499	
02/01/17 18:00		3.080992
02/01/17 18:00		3.081507
02/01/17 18:00		3.081507
02/01/17 18:00	0.02005315	
03/01/17 00:00		2.811888
03/01/17 00:00		2.814631
03/01/17 00:00		2.827817
03/01/17 00:00	0.0179263	
03/01/17 06:00		2.531021
03/01/17 06:00		2.630087
03/01/17 06:00		2.63774
03/01/17 06:00	0.01611349	
03/01/17 12:00		2.517849
03/01/17 12:00		2.522514
03/01/17 12:00		2.537159
03/01/17 12:00	0.01948697	
03/01/17 18:00		2.14955
03/01/17 18:00		2.14955
03/01/17 18:00		2.158383
03/01/17 18:00	0.02508931	
04/01/17 00:00		1.677834
04/01/17 00:00		1.705749
04/01/17 00:00		1.755475
04/01/17 00:00	0.0227174	
04/01/17 06:00		1.773554
04/01/17 06:00		1.791004
04/01/17 06:00		1.805585
04/01/17 06:00	0.02096622	
04/01/17 12:00		2.256192
04/01/17 12:00		2.260832
04/01/17 12:00		2.271162
04/01/17 12:00	0.02055995	
04/01/17 18:00		2.018432
04/01/17 18:00		2.043182
04/01/17 18:00		2.129623
04/01/17 18:00	0.0333868	
05/01/17 00:00		1.757129
05/01/17 00:00		1.763688
05/01/17 00:00		1.795982
05/01/17 00:00	0.0271124	
05/01/17 06:00		2.104351
05/01/17 06:00		2.125964
05/01/17 06:00		2.149523
05/01/17 06:00	0.0182208	
05/01/17 12:00		2.381386
05/01/17 12:00		2.385645
05/01/17 12:00		2.475833
05/01/17 12:00	0.01895464	
05/01/17 18:00		2.185191
05/01/17 18:00		2.197489
05/01/17 18:00		2.270289
05/01/17 18:00	0.02918791	
06/01/17 00:00		2.246071
06/01/17 00:00		2.259635
06/01/17 00:00		2.273771
06/01/17 00:00	0.01731199	
06/01/17 06:00		2.718404
06/01/17 06:00		2.722346
06/01/17 06:00		2.729649
06/01/17 06:00	0.01598779	
06/01/17 12:00		2.270331
06/01/17 12:00		2.300683
06/01/17 12:00		2.303567
06/01/17 12:00	0.02045588	
07/01/17 00:00		2.39142
07/01/17 00:00		2.422531
07/01/17 00:00		2.43441
07/01/17 00:00	0.01834103	
07/01/17 06:00		1.984618
07/01/17 06:00		1.991339
07/01/17 06:00		2.091671
07/01/17 06:00	0.02280962	
07/01/17 12:00		2.078675
07/01/17 12:00		2.088232
07/01/17 12:00		2.103254
07/01/17 12:00	0.03029444	
07/01/17 18:00		2.086545
07/01/17 18:00		2.091688
07/01/17 18:00		2.149423
07/01/17 18:00	0.03836742	
08/01/17 00:00		2.095582
08/01/17 00:00		2.109111
08/01/17 00:00		2.152771
08/01/17 00:00	0.03641577	
08/01/17 06:00		2.039152
08/01/17 06:00		2.066965
08/01/17 06:00		2.071134
08/01/17 06:00	0.02669223	
08/01/17 12:00		2.133424
08/01/17 12:00		2.143779
08/01/17 12:00		2.146577
08/01/17 12:00	0.02919041	
10/01/17 00:00		1.768226
10/01/17 00:00		1.772131
10/01/17 06:00		2.168616
10/01/17 06:00		2.168666
10/01/17 06:00		2.180091
10/01/17 06:00	0.01197329	
10/01/17 12:00		1.950962
11/01/17 00:00		2.270061
11/01/17 00:00		2.330707
11/01/17 00:00		2.377458
11/01/17 00:00	0.01790967	
11/01/17 06:00		2.429568
11/01/17 06:00		2.440321
11/01/17 06:00		2.499731
11/01/17 06:00	0.02051229	
11/01/17 12:00		2.410495
11/01/17 12:00		2.434563
11/01/17 12:00		2.474447
11/01/17 12:00	0.01914845	
11/01/17 18:00		3.080857
11/01/17 18:00		3.096088
11/01/17 18:00		3.110289
11/01/17 18:00	0.01325917	
12/01/17 00:00		2.638446
12/01/17 00:00		2.667979
12/01/17 00:00		2.853891
12/01/17 06:00		2.699512
12/01/17 06:00		2.708593
12/01/17 06:00		2.711407
12/01/17 06:00	0.0204384	
12/01/17 12:00		2.885149
12/01/17 12:00		2.885828
12/01/17 12:00		2.918611
12/01/17 12:00	0.02092878	
12/01/17 18:00		3.244347
12/01/17 18:00		3.256946
12/01/17 18:00		3.304546
12/01/17 18:00	0.02142533	
13/01/17 00:00		2.895674
13/01/17 00:00		2.912947
13/01/17 00:00		2.940346
13/01/17 00:00	0.02169122	
13/01/17 06:00		3.204488
13/01/17 06:00		3.21334
13/01/17 12:00		3.087593
13/01/17 12:00		3.105923
13/01/17 18:00		3.656079
13/01/17 18:00		3.663947
13/01/17 18:00		3.696191
13/01/17 18:00	0.01634569	
14/01/17 00:00		3.250389
14/01/17 00:00		3.250389
14/01/17 00:00		3.268003
14/01/17 00:00	0.0228589	
14/01/17 06:00		2.74315
14/01/17 06:00		2.771229
14/01/17 06:00		2.84941
14/01/17 12:00		3.182046
14/01/17 12:00		3.196826
14/01/17 12:00		3.204944
14/01/17 12:00	0.01644736	
14/01/17 18:00		3.881964
14/01/17 18:00		3.887207
14/01/17 18:00		3.893603
14/01/17 18:00	0.03017261	
15/01/17 00:00		2.997879
15/01/17 00:00		2.998241
15/01/17 00:00		3.002221
15/01/17 00:00	0.02551247	
15/01/17 06:00		3.246831
15/01/17 06:00		3.270261
15/01/17 06:00		3.277139
15/01/17 06:00	0.01694621	
15/01/17 12:00		3.070367
15/01/17 12:00		3.121935
15/01/17 12:00		3.13598
15/01/17 12:00	0.01450609	
15/01/17 18:00		3.038479
15/01/17 18:00		3.044811
15/01/17 18:00		3.054928
15/01/17 18:00	0.02809778	
16/01/17 00:00		2.950943
16/01/17 00:00		2.952471
16/01/17 00:00		2.954846
16/01/17 00:00	0.01705393	
16/01/17 06:00		3.110298
16/01/17 06:00	0.01457546	
16/01/17 12:00		3.152447
16/01/17 18:00		2.920838
16/01/17 18:00	0.03983136	
17/01/17 00:00		2.543748
17/01/17 00:00	0.03187268	
17/01/17 06:00		2.577583
17/01/17 06:00	0.02489601	
17/01/17 12:00		2.66417
17/01/17 12:00	0.02218974	
17/01/17 18:00		2.720615
17/01/17 18:00	0.02889632	
18/01/17 00:00		2.722192
18/01/17 00:00	0.02275316	
18/01/17 12:00		2.908454
18/01/17 12:00	0.02070652	
18/01/17 18:00		2.425351
18/01/17 18:00	0.02360861	
19/01/17 00:00		2.234981
19/01/17 00:00	0.03885286	
19/01/17 06:00		2.416445
19/01/17 06:00	0.03163384	
19/01/17 12:00		2.670925
19/01/17 12:00	0.02197689	
19/01/17 18:00		2.625772
19/01/17 18:00	0.03132342	
21/01/17 12:00		2.278445
21/01/17 12:00	0.01935198	
23/01/17 18:00		1.869423
23/01/17 18:00	0.02988115	
25/01/17 00:00		2.38819
25/01/17 00:00	0.01802139	
25/01/17 12:00		2.229881
25/01/17 12:00	0.02839236	
25/01/17 18:00		2.530817
25/01/17 18:00	0.02663779	
26/01/17 12:00		2.044226
26/01/17 12:00	0.0197576	
26/01/17 18:00		1.849165
26/01/17 18:00	0.0362161	
27/01/17 00:00		1.77828
27/01/17 00:00	0.03457997	
27/01/17 12:00		1.87461
27/01/17 12:00	0.02669285	
27/01/17 18:00		1.919759
27/01/17 18:00	0.04082282	
28/01/17 12:00		2.236248
28/01/17 12:00	0.03092016	
29/01/17 00:00		2.040158
29/01/17 00:00	0.03034371	
29/01/17 06:00		1.953021
29/01/17 06:00	0.02321864	
29/01/17 12:00		2.287441
29/01/17 12:00	0.02424705	
29/01/17 18:00		2.212824
29/01/17 18:00	0.03485654	
30/01/17 00:00		2.212372
30/01/17 00:00	0.05005314	
30/01/17 06:00		2.145691
30/01/17 06:00	0.03361818	
08/02/17 18:33		2.931709
09/02/17 18:00		3.699931
10/02/17 06:00		2.48404
10/02/17 06:00	0.03409614	
10/02/17 12:00		1.718392
11/02/17 00:00		2.361968
11/02/17 00:00	0.03949215	
11/02/17 12:00		2.511726
12/02/17 12:00		1.450688
19/02/17 00:00		1.107742
19/02/17 18:00		1.603659
19/02/17 18:00	0.03052438	
20/02/17 18:00		0.825315
20/02/17 18:00	0.07510665	
21/02/17 06:00		2.110027
21/02/17 06:00	0.03582898	
23/02/17 00:00		2.110916
24/02/17 06:00		2.030951
24/02/17 06:00	0.01946279	
25/02/17 18:00		3.298324
25/02/17 18:00	0.02628492	
26/02/17 12:00		2.13771
26/02/17 12:00	0.03228604	
26/02/17 18:00		3.319696
26/02/17 18:00	0.03519541	
27/02/17 00:00		2.86174
27/02/17 00:00	0.02400969	
27/02/17 18:00		2.885201
27/02/17 18:00	0.03303415	
28/02/17 06:00		1.681857
28/02/17 06:00	0.04379003	
28/02/17 12:00		3.00204
28/02/17 12:00	0.02495826	
28/02/17 18:00		3.076983
28/02/17 18:00	0.03867766	
01/03/17 00:00		2.268001
01/03/17 00:00	0.05122599	
01/03/17 06:00		1.857385
01/03/17 06:00	0.04350656	
01/03/17 12:00		2.655536
01/03/17 12:00	0.03756034	
01/03/17 18:00		3.164729
01/03/17 18:00	0.03659066	
02/03/17 00:00		1.183308
02/03/17 00:00	0.04783685	
02/03/17 06:00		2.961351
02/03/17 06:00	0.03290103	
02/03/17 12:00		3.042759
02/03/17 12:00	0.03455481	
02/03/17 18:00		3.140527
02/03/17 18:00	0.03480228	
03/03/17 06:00		2.939526
03/03/17 12:00		3.481609
03/03/17 12:00	0.03369736	
03/03/17 18:00		2.801689
03/03/17 18:00	0.04772761	
04/03/17 00:00		2.773635
04/03/17 06:00		2.803376
04/03/17 06:00	0.03478795	
04/03/17 12:00		3.13098
04/03/17 18:00		2.466666
04/03/17 18:00	0.03278314	
05/03/17 06:00		2.538789
05/03/17 18:00		3.590964
06/03/17 00:00		2.807814
06/03/17 06:00		2.663459
06/03/17 06:00	0.03259296	
07/03/17 00:00		2.64477
07/03/17 18:00		5.070265
08/03/17 00:00		1.767751
08/03/17 00:00	0.05716206	
08/03/17 06:00		2.586283
08/03/17 06:00	0.04896333	
08/03/17 12:00		2.495615
08/03/17 12:00	0.04267857	
08/03/17 18:00		2.984534
08/03/17 18:00	0.04051826	
09/03/17 00:00	0.05116429	
09/03/17 06:00		2.360155
09/03/17 06:00	0.02615856	
09/03/17 12:00		1.96849
09/03/17 18:00		2.363599
09/03/17 18:00	0.04624477	
10/03/17 00:00		2.256935
10/03/17 00:00	0.06711912	
10/03/17 06:00		1.203155
10/03/17 06:00	0.04495007	
10/03/17 12:00		1.949522
10/03/17 18:00		2.643249
10/03/17 18:00	0.04855981	
11/03/17 06:00	0.03832429	
12/03/17 00:00		1.620676
12/03/17 00:00	0.03451175	
12/03/17 12:00		2.932643
12/03/17 12:00	0.04419522	
12/03/17 18:00		2.827952
12/03/17 18:00	0.03379401	
13/03/17 12:00		2.185828
13/03/17 12:00	0.03452174	
13/03/17 18:00		2.640016
14/03/17 00:00		2.05702
14/03/17 00:00	0.02605228	
14/03/17 12:00		2.513129
14/03/17 12:00	0.03170819	
14/03/17 18:00		2.518658
14/03/17 18:00	0.04539649	
15/03/17 00:00		2.673977
15/03/17 00:00	0.04090768	
15/03/17 06:00		1.503138
15/03/17 06:00	0.04015377	
15/03/17 12:00		1.864142
15/03/17 12:00	0.03750778	
15/03/17 18:00		2.455709
15/03/17 18:00	0.03617104	
16/03/17 00:00		2.45634
16/03/17 00:00	0.03370612	
16/03/17 06:00		2.691679
16/03/17 12:00		1.81025
16/03/17 12:00	0.02485837	
16/03/17 18:00		2.665143
16/03/17 18:00	0.03116981	
17/03/17 00:00		2.791118
17/03/17 00:00	0.03674382	
17/03/17 06:00		2.15794
17/03/17 12:00		1.852919
17/03/17 18:00		2.329049
17/03/17 18:00	0.0498532	
18/03/17 00:00		2.087234
18/03/17 00:00	0.05320611	
18/03/17 06:00		2.839732
18/03/17 12:00		2.497081
18/03/17 12:00	0.03232314	
18/03/17 18:00		1.905433
18/03/17 18:00	0.0611026	
19/03/17 00:00	0.03147837	
19/03/17 06:00		1.803234
19/03/17 06:00	0.04301017	
19/03/17 12:00		2.484987
19/03/17 18:00		2.357175
20/03/17 00:00		1.947269
20/03/17 06:00		2.306356
20/03/17 12:00		1.88099
20/03/17 12:00	0.03686236	
20/03/17 18:00		2.741789
20/03/17 18:00	0.03590317	
21/03/17 06:00		1.603866
21/03/17 06:00	0.0393547	
21/03/17 18:00		3.288892
21/03/17 18:00	0.02721566	
22/03/17 12:00		2.171046
23/03/17 00:00		2.942054
23/03/17 06:00		2.704674
23/03/17 06:00	0.04137179	
23/03/17 12:00		1.685426
23/03/17 12:00	0.03664216	
23/03/17 18:00		3.320216
23/03/17 18:00	0.0484219	
24/03/17 00:00		2.013269
24/03/17 00:00	0.03927318	
24/03/17 06:00		2.13982
24/03/17 12:00		2.396655
24/03/17 12:00	0.03628352	
25/03/17 06:00		2.186358
25/03/17 12:00		1.937624
25/03/17 12:00	0.03265679	
26/03/17 06:00		0.774113
26/03/17 06:00	0.04786533	
26/03/17 12:00		2.798279
26/03/17 12:00	0.03573211	
29/03/17 00:00		0.80332
29/03/17 00:00	0.03800685	
29/03/17 06:00		0.796474
29/03/17 06:00	0.03345324	
29/03/17 18:00		0.405978
29/03/17 18:00	0.09212047	
30/03/17 00:00		0.339178
30/03/17 00:00	0.06430982	
30/03/17 06:00		0.034148
30/03/17 06:00	0.08946408	
30/03/17 18:00		0.029235
30/03/17 18:00	0.14910071	
31/03/17 00:00		0.01
31/03/17 00:00	0.13320022	
31/03/17 06:00		0.01
31/03/17 12:00		0.01
31/03/17 18:00		0.012671
01/04/17 00:00		0.01
01/04/17 00:00	0.19989374	
01/04/17 06:00		0.01
01/04/17 06:00	0.26217639	
01/04/17 12:00		0.01
01/04/17 12:00	0.53796413	
01/04/17 18:00		0.01
01/04/17 18:00	0.74737578	
02/04/17 00:00		0.01
02/04/17 00:00	1.0413727	
02/04/17 06:00		0.01
02/04/17 06:00	1.10099056	
02/04/17 12:00		0.01
02/04/17 12:00	1.40192288	
02/04/17 18:00		0.01
02/04/17 18:00	0.94590555	
03/04/17 00:00		0.01
03/04/17 00:00	1.4817954	
03/04/17 06:00		0.01
03/04/17 06:00	1.75062672	
03/04/17 12:00		0.01
03/04/17 12:00	1.99039436	
03/04/17 18:00		0.01
03/04/17 18:00	1.79806313	
04/04/17 00:00		0.01
04/04/17 00:00	1.78604598	
04/04/17 06:00		0.01
04/04/17 06:00	1.63765023	
04/04/17 12:00		0.01
04/04/17 12:00	1.73548441	
04/04/17 18:00		0.01
04/04/17 18:00	1.62195215	
05/04/17 00:00		0.01
05/04/17 00:00	1.74866446	
05/04/17 06:00		0.01
05/04/17 06:00	1.90675219	
05/04/17 12:00		0.01
05/04/17 12:00	1.93783052	
05/04/17 18:00		0.01
05/04/17 18:00	2.23731665	
06/04/17 00:00		0.01
06/04/17 00:00	2.32381422	
06/04/17 06:00		0.01
06/04/17 06:00	2.4220523	
06/04/17 12:00		0.01
06/04/17 12:00	2.68671313	
06/04/17 18:00		0.01
06/04/17 18:00	2.92978478	
07/04/17 00:00		0.01
07/04/17 00:00	3.34541026	
07/04/17 06:00		0.01
07/04/17 06:00	2.74069466	
07/04/17 12:00		0.01
07/04/17 12:00	3.79361232	
07/04/17 18:00		0.01
07/04/17 18:00		0.01
07/04/17 18:00	4.0310715	
08/04/17 00:00		0.01
08/04/17 00:00		0.01
08/04/17 06:00		0.01
08/04/17 06:00		0.01
08/04/17 06:00	3.44264891	
08/04/17 06:00	3.63830848	
08/04/17 12:00		0.01
08/04/17 12:00	3.3052825	
08/04/17 18:00		0.01
08/04/17 18:00	3.74336956	
09/04/17 00:00		0.01
09/04/17 00:00	4.29011472	
09/04/17 06:00		0.01
09/04/17 06:00	4.67893171	
09/04/17 12:00		0.01
09/04/17 12:00	4.00976779	
09/04/17 18:00		0.01
09/04/17 18:00	3.99902424	
10/04/17 00:00		0.01
10/04/17 00:00	5.48146443	
10/04/17 06:00		0.01
10/04/17 06:00	7.59595591	
10/04/17 12:00		0.01
10/04/17 12:00	2.83180227	
10/04/17 18:00		0.01
10/04/17 18:00	7.94577801	
11/04/17 00:00		0.01
11/04/17 00:00	9.10067163	
11/04/17 06:00		0.01
11/04/17 06:00	8.9434239	
11/04/17 12:00		0.01
11/04/17 12:00	6.7251757	
11/04/17 18:00		0.01
11/04/17 18:00	7.34246736	
12/04/17 00:00		0.01
12/04/17 00:00	5.93933563	
12/04/17 06:00		0.01
12/04/17 06:00	7.64683841	
12/04/17 12:00		0.01
12/04/17 12:00	9.53616112	
12/04/17 18:00		0.01
12/04/17 18:00	9.34387322	
13/04/17 00:00		0.01
13/04/17 00:00	8.95928899	
13/04/17 06:00		0.01
13/04/17 06:00	8.09290657	
14/09/17 10:59		0.0493167
14/09/17 14:29	2.35141359	0.0226384
15/09/17 01:29	1.89850083	0.0042881
15/09/17 10:29	2.12742511	0.0551283
15/09/17 14:29	1.7073628	0.0919607
16/09/17 01:29	2.02974098	0.0747104
16/09/17 10:29	1.49267121	0.1555958
16/09/17 14:29	1.56963374	0.1081908
17/09/17 01:29	0.77331925	0.2108243
21/09/17 01:29		1.063252
23/09/17 01:29	0.6226526	0.6241916
23/09/17 10:29	0.42288466	0.6268531
28/09/17 01:29	0.74275112	0.4306308
29/09/17 01:29	1.47385304	0.0198216
29/09/17 10:29	1.25547402	0.1075833
01/11/17 14:29	1.97434224	0.01
02/11/17 01:29	1.93264874	0.01
02/11/17 10:29	2.20130348	0.01
02/11/17 14:29	1.48604132	0.01
03/11/17 01:29	2.05162546	0.01
03/11/17 10:29	2.22159376	0.01
03/11/17 14:29	1.56098292	0.0032997
04/11/17 01:29	1.06554327	0.0709452
04/11/17 10:29	1.87446835	0.0863678
04/11/17 14:29	1.25258345	0.01
05/11/17 01:29	1.70524965	0.0423169
05/11/17 10:29	1.21169147	0.0909247
05/11/17 14:29	1.39953782	0.0951763
06/11/17 01:29	1.76504685	0.1686996
06/11/17 10:29	1.60612151	0.1454608
06/11/17 14:29	2.05993292	0.0323241
07/11/17 01:29	1.02627942	0.0766538
07/11/17 10:29	1.25742968	0.0120687
07/11/17 14:29	1.60112642	0.10552
08/11/17 01:29	1.3698861	0.1276423
08/11/17 10:29	1.86246514	0.01
08/11/17 14:29	1.80076644	0.01
09/11/17 01:29		0.01
09/11/17 10:29	1.78061315	0.01
09/11/17 14:29	0.80527293	0.0142279
10/11/17 01:29	1.09712207	0.01
10/11/17 10:29		0.0011769
11/11/17 01:29	1.22905355	0.01
11/11/17 10:29	0.87363789	0.0273382
11/11/17 14:29	0.73474252	0.0668999
12/11/17 01:29	1.5504388	0.0229869
13/11/17 10:29		0.0632698
16/11/17 10:29		0.1788981
16/11/17 14:29	0.92375083	0.1566334
17/11/17 01:29		0.2506087
17/11/17 10:29	0.90574788	0.2720117
17/11/17 14:29	0.79673403	0.269802
18/11/17 10:29	1.35876913	0.0077402
18/11/17 14:29	1.47747828	0.0259774
19/11/17 01:29	0.92302609	0.1627837
19/11/17 10:29	1.31651512	0.1566729
19/11/17 14:29	0.94654304	0.0158285
20/11/17 01:29	0.79032453	0.0563873
20/11/17 10:29	1.13536116	0.0333838
20/11/17 14:29	1.31599553	0.0097707
21/11/17 01:29	1.98744096	0.01
21/11/17 10:29	1.5905587	0.01
22/11/17 10:29		0.2158115
22/11/17 14:29	1.00606213	0.1828247
23/11/17 01:29	1.05279227	0.2361857
23/11/17 10:29	1.27914304	0.3062319
23/11/17 14:29	0.96056404	0.114141
24/11/17 01:29	1.04638017	0.0657885
24/11/17 09:59	1.20004771	0.01
16/04/13 17:04		0.31
16/04/13 17:04	2.13	
16/04/13 17:28	3.57	
16/04/13 17:31		0.27
16/04/13 17:39		0.29
16/04/13 17:39	2.86	
16/04/13 18:14	3.03	
16/04/13 18:14		0.29
18/04/13 16:57	0.92	
18/04/13 17:01		0.01
30/05/13 12:00	1.14	
30/05/13 12:00	1.28	
30/05/13 12:00	1.35	
30/05/13 12:00		0.24
30/05/13 12:00		0.40
30/05/13 12:00		0.44
02/08/13 12:00	0.57	
02/08/13 12:00	0.72	
02/08/13 12:00	0.63	
02/08/13 12:00		0.40
02/08/13 12:00		0.29
02/08/13 12:00		0.22
02/08/13 12:00		0.28
20/08/13 12:00	0.84	
20/08/13 12:00	1.82	
20/08/13 12:00	1.61	
20/08/13 12:00	1.20	
20/08/13 12:00		0.18
20/08/13 12:00		0.12
20/08/13 12:00		0.11
20/08/13 12:00		0.12
26/09/13 12:00	2.44	
26/09/13 12:00	2.86	
26/09/13 12:00	2.22	
26/09/13 12:00	1.96	
26/09/13 12:00		0.12
26/09/13 12:00		0.12
26/09/13 12:00		0.13
26/09/13 12:00		0.12
15/10/13 09:35	1.92	
15/10/13 09:35		0.09
15/10/13 10:17	2.00	
15/10/13 10:17		0.02
15/10/13 10:19		0.01
15/10/13 10:19	1.72	
15/10/13 10:29	0.41	
15/10/13 10:29		0.01
15/10/13 10:39	0.55	
15/10/13 10:39		0.01
15/10/13 10:44	0.64	
15/10/13 10:44		0.01
23/01/14 12:19	2.70	
23/01/14 12:19	2.70	
23/01/14 12:19	2.70	
23/01/14 12:19		0.23
23/01/14 12:19		0.21
23/01/14 12:19		0.19
11/03/14 10:00	2.27	
11/03/14 10:00	2.38	
11/03/14 10:00	1.92	
11/03/14 10:00		0.07
11/03/14 10:00		0.08
11/03/14 10:00		0.08
11/03/14 10:00	0.62	
11/03/14 10:00	0.85	
11/03/14 10:00	0.58	
11/03/14 10:00		0.01
11/03/14 10:00		0.01
11/03/14 10:00		0.01
16/05/14 10:00	2.56	
16/05/14 10:00	2.27	
16/05/14 10:00	2.78	
16/05/14 10:00	2.50	
16/05/14 10:00	2.63	
16/05/14 10:00	2.44	
16/05/14 10:00	2.44	
16/05/14 10:00		0.08
16/05/14 10:00		0.12
16/05/14 10:00		0.11
16/05/14 10:00		0.01
16/05/14 10:00		0.01
16/05/14 10:00		0.01
24/07/14 11:15	1.64	
24/07/14 11:15	2.63	
24/07/14 11:15	1.64	
24/07/14 11:15		0.01
24/07/14 11:15		0.01
24/07/14 11:15		0.01
24/07/14 12:15	4.17	
24/07/14 12:15	4.76	
24/07/14 12:15	5.56	
24/07/14 12:15	4.55	
24/07/14 12:15		0.10
24/07/14 12:15		0.17
24/07/14 12:15		0.13
24/07/14 12:15		0.16
30/09/14 09:15	3.13	
30/09/14 09:15	1.85	
30/09/14 09:15	1.56	
30/09/14 09:15	2.00	
30/09/14 09:15		0.08
30/09/14 09:15		0.06
30/09/14 09:15		0.09
30/09/14 09:15		0.08
30/09/14 09:15		0.14
30/09/14 09:15	1.09	
30/09/14 09:15	1.30	
30/09/14 09:15	1.18	
30/09/14 09:15	1.37	
30/09/14 09:15	1.61	
30/09/14 09:15		0.01
30/09/14 09:15		0.01
30/09/14 09:15		0.01
30/09/14 09:15		0.01
30/09/14 09:15		0.01
13/10/14 12:30	0.70	
13/10/14 12:30	0.79	
13/10/14 12:30	0.95	
13/10/14 12:30		0.01
13/10/14 12:30		0.01
13/10/14 12:30		0.01
13/10/14 12:30		0.01
16/10/14 09:15	2.27	
16/10/14 09:15	2.78	
16/10/14 09:15	3.03	
16/10/14 09:15		0.26
16/10/14 09:15		0.26
16/10/14 09:15		0.27
29/10/14 11:00		
29/10/14 11:00	1.08	
29/10/14 11:00	1.10	
29/10/14 11:00	1.15	
29/10/14 11:00	1.00	
29/10/14 11:00		0.01
29/10/14 11:00		0.01
29/10/14 11:00		0.03
02/01/15 10:00	0.62	
02/01/15 10:00	0.70	
02/01/15 10:00	0.65	
02/01/15 10:00	0.64	
02/01/15 10:00	0.68	
02/01/15 10:00	0.84	
02/01/15 10:00	0.71	
02/01/15 10:00		0.01
02/01/15 10:00		0.01
02/01/15 10:00		0.01
05/02/15 10:00	1.37	
05/02/15 10:00	1.15	
05/02/15 10:00	0.96	
05/02/15 10:00	0.89	
09/02/15 10:00	2.86	
09/02/15 10:00	2.50	
09/02/15 10:00	2.17	
09/02/15 10:00	2.70	
09/02/15 10:00		0.45
09/02/15 10:00		0.44
09/02/15 10:00		0.44
09/02/15 10:00		0.46
09/02/15 10:00		0.46
09/02/15 10:00		0.01
09/02/15 10:00		0.01
09/02/15 10:00		0.01
17/06/15 10:00	0.15	
17/06/15 10:00	0.13	
17/06/15 10:00	0.10	
17/06/15 10:00	0.12	
17/06/15 10:00	1.39	
17/06/15 10:00	0.99	
17/06/15 10:00	1.11	
17/06/15 10:00	0.17	
17/06/15 10:00	0.13	
28/07/15 10:00	0.40	
28/07/15 10:00	0.14	
28/07/15 10:00	0.15	
28/07/15 10:00	0.15	
28/07/15 10:00	0.19	
27/08/15 10:00	0.45	
27/08/15 10:00	0.97	
27/08/15 10:00	0.56	
27/08/15 10:00	0.23	
27/08/15 10:00	0.22	
27/08/15 10:00	0.24	
27/08/15 10:00	0.25	
27/08/15 10:00	0.29	
27/08/15 10:00	0.25	
01/10/15 10:00	0.57	
01/10/15 10:00	0.79	
01/10/15 10:00		0.62
01/10/15 10:00		0.68
01/10/15 10:00		0.68
01/10/15 10:00		0.70
01/10/15 10:00	0.15	
01/10/15 10:00	0.19	
01/10/15 10:00	0.14	
01/10/15 10:00	0.16	
01/10/15 10:00	0.22	
01/10/15 10:00	0.13	
01/10/15 10:00	0.18	
01/10/15 10:00		0.07
01/10/15 10:00		0.01
01/10/15 10:00		0.03
01/10/15 10:00		0.02
01/10/15 10:00		0.03
29/12/15 10:00	0.13	
29/12/15 10:00	0.14	
29/12/15 10:00	0.17	
29/12/15 10:00		1.44
29/12/15 10:00		1.54
29/12/15 10:00		1.36
29/12/15 10:00		1.51
29/12/15 10:00	0.02	
29/12/15 10:00	0.03	
29/12/15 10:00	0.02	
29/12/15 10:00		0.24
29/12/15 10:00		0.17
29/12/15 10:00		0.27
01/02/16 11:00		0.66
01/02/16 11:00		0.76
01/02/16 11:00		0.63
01/02/16 11:00		0.65
01/02/16 11:00		0.70
01/02/16 11:00		0.61
01/02/16 11:00		0.69
01/02/16 11:00	0.08	
01/02/16 11:00	0.10	
01/02/16 11:00	0.10	
01/02/16 11:00	0.14	
01/02/16 11:00	0.16	
01/02/16 11:00		0.09
01/02/16 11:00		0.09
01/02/16 11:00		0.09
01/02/16 11:00		0.07
01/02/16 11:00		0.10
01/02/16 11:00	1.18	
01/02/16 11:00	1.04	
01/02/16 11:00	0.93	
01/02/16 11:00	0.85	
01/02/16 11:00	0.76	
01/02/16 11:00	0.97	
02/03/16 11:00	0.22	
02/03/16 11:00	0.20	
02/03/16 11:00	0.21	
02/03/16 11:00	0.18	
02/03/16 11:00	0.21	
02/03/16 11:00	0.39	
02/03/16 11:00	0.57	
02/03/16 11:00	0.61	
02/03/16 11:00	0.33	
02/03/16 11:00	0.48	
02/03/16 11:00	0.71	
07/04/16 11:00		0.82
07/04/16 11:00		0.73
07/04/16 11:00		0.76
07/04/16 11:00		0.82
07/04/16 11:00	0.23	
07/04/16 11:00	0.27	
07/04/16 11:00	0.32	
07/04/16 11:00	0.20	
07/04/16 11:00	0.23	
07/04/16 11:00	0.24	
07/04/16 11:00		0.01
07/04/16 11:00		0.01
07/04/16 11:00		0.02
07/04/16 11:00		0.03
07/04/16 11:00	0.37	
07/04/16 11:00	0.41	
07/04/16 11:00	0.31	
07/04/16 11:00	0.34	
07/06/16 10:00	0.16	
07/06/16 10:00	0.19	
07/06/16 10:00	0.40	
07/06/16 10:00	0.24	
07/06/16 10:00	0.20	
07/06/16 10:00		0.11
07/06/16 10:00		0.10
07/06/16 10:00		0.09
07/06/16 10:00	0.22	
07/06/16 10:00	0.22	
07/06/16 10:00	0.21	
07/06/16 10:00	0.26	
07/06/16 10:00	0.26	
07/06/16 10:00		0.01
07/06/16 10:00		0.01
07/06/16 10:00		0.02
07/06/16 10:00		0.02
10/06/16 10:00	0.19	
10/06/16 10:00	0.46	
10/06/16 10:00	0.35	
10/06/16 10:00	0.20	
10/06/16 10:00	0.75	
10/06/16 10:00	0.22	
10/06/16 10:00	0.33	
10/06/16 10:00		0.05
10/06/16 10:00		0.09
10/06/16 10:00		0.08
10/06/16 10:00		0.09
10/06/16 10:00		0.08
05/07/16 10:00	0.08	
05/07/16 10:00	0.05	
05/07/16 10:00	0.10	
05/07/16 10:00	0.05	
05/07/16 10:00	0.04	
05/07/16 10:00	0.04	
05/07/16 10:00		0.14
05/07/16 10:00		0.13
05/07/16 10:00		0.12
05/07/16 10:00		0.15
05/07/16 10:00		0.13
05/07/16 10:00	0.05	
05/07/16 10:00	0.04	
05/07/16 10:00	0.04	
05/07/16 10:00	0.06	
05/07/16 10:00		0.17
05/07/16 10:00		0.24
05/08/16 10:00	0.01	
05/08/16 10:00	0.01	
05/08/16 10:00	0.01	
05/08/16 10:00	0.01	
05/08/16 10:00	0.01	
05/08/16 10:00		0.65
05/08/16 10:00		0.52
05/08/16 10:00		1.14
05/08/16 10:00		0.63
13/09/16 10:00	0.01	
13/09/16 10:00	0.01	
13/09/16 10:00	0.01	
13/09/16 10:00		0.78
13/09/16 10:00		1.39
13/09/16 10:00		0.50
13/09/16 10:00		1.08
13/09/16 10:00		0.65
13/09/16 10:00	0.02	
13/09/16 10:00	0.02	
13/09/16 10:00	0.02	
13/09/16 10:00	0.02	
13/09/16 10:00		0.27
13/09/16 10:00		0.34
13/09/16 10:00		0.20
13/09/16 10:00		0.26
13/09/16 10:00		0.26
18/10/16 10:00	0.00	
18/10/16 10:00	0.00	
18/10/16 10:00	0.01	
18/10/16 10:00	0.01	
18/10/16 10:00	0.00	
18/10/16 10:00	0.01	
18/10/16 10:00	0.01	
18/10/16 10:00		3.84
18/10/16 10:00		2.02
18/10/16 10:00		1.63
18/10/16 10:00		1.42
18/10/16 10:00		1.54
18/10/16 10:00		1.62
15/11/16 09:02		6.10
15/11/16 09:05	0.03	
15/11/16 09:05		0.63
15/11/16 09:09		4.22
15/11/16 09:18	0.03	
15/11/16 09:18		2.98
15/11/16 09:18		0.72
15/11/16 09:25	0.03	
15/11/16 09:25		3.02
15/11/16 09:28	0.03	
15/11/16 09:28		3.72
15/11/16 09:46		1.63
15/11/16 09:46	0.00	
15/11/16 09:49	0.01	
15/11/16 09:50		1.67
15/11/16 09:55		2.58
15/11/16 09:55	0.01	
15/11/16 10:02		2.55
30/01/17 00:00	0.00	
30/01/17 00:00		11.63
30/01/17 00:00		8.39
08/02/17 16:23	0.01	
08/02/17 16:23		4.66
08/02/17 16:27	0.01	
08/02/17 16:32		3.96
08/02/17 16:39	0.01	
08/02/17 16:42		3.07
08/02/17 16:49		2.76
08/02/17 16:49	0.02	
08/02/17 16:55		2.79
08/02/17 16:59	0.02	
08/02/17 16:59		2.85
06/04/17 12:41	6.25	
06/04/17 12:41	6.67	
06/04/17 12:41	5.56	
06/04/17 12:41	4.35	
06/04/17 13:40		0.05
06/04/17 13:40		0.01
06/04/17 13:40		0.01
10/05/17 00:00	50.00	
10/05/17 00:00	50.00	
10/05/17 00:00	2.35	
10/05/17 00:00	1.27	
10/05/17 00:00	21.86	
10/05/17 00:00	33.41	
10/05/17 00:00	29.11	
10/05/17 00:00	48.66	
17/05/17 00:00		0.01
17/05/17 00:00		0.01
17/05/17 00:00		0.01
17/05/17 00:00	7.34	
17/05/17 00:00	8.42	
17/05/17 00:00	8.76	
23/05/17 00:00		0.01
23/05/17 00:00		0.01
23/05/17 00:00		0.01
23/05/17 00:00	2.23	
23/05/17 00:00	3.57	
23/05/17 00:00	2.19	
06/07/17 00:00		0.01
06/07/17 00:00		0.01
06/07/17 00:00		0.01
06/07/17 00:00		0.01
06/07/17 00:00		0.01
06/07/17 00:00		0.01
06/07/17 00:00	2.72	
06/07/17 00:00	4.43	
06/07/17 00:00	3.23	
06/07/17 00:00	3.24	
06/07/17 00:00	3.95	
06/07/17 00:00	2.09	
06/07/17 00:00	2.84	
17/07/17 00:00	4.55	
17/07/17 00:00	5.88	
17/07/17 00:00	4.76	
17/07/17 00:00	4.76	
17/07/17 00:00	5.56	
17/07/17 00:00		0.01
17/07/17 00:00		0.01
17/07/17 00:00		0.01
17/07/17 00:00		0.01
17/07/17 00:00		0.01
17/07/17 00:00	4.66	
17/07/17 00:00	4.65	
17/07/17 00:00	4.21	
17/07/17 00:00	5.79	
17/07/17 00:00	3.54	
26/07/17 00:00	7.14	
26/07/17 00:00	8.33	
26/07/17 00:00	7.14	
26/07/17 00:00	7.14	
26/07/17 00:00		0.01
26/07/17 00:00		0.01
26/07/17 00:00		0.02
26/07/17 00:00	6.79	
26/07/17 00:00	7.72	
26/07/17 00:00	6.20	
26/07/17 00:00	5.25	
29/08/17 00:00	3.70	
29/08/17 00:00	4.35	
29/08/17 00:00	2.94	
29/08/17 00:00		0.26
29/08/17 00:00		0.03
29/08/17 00:00	2.79	
29/08/17 00:00	2.75	
29/08/17 00:00	3.96	
28/09/17 00:00	1.69	
28/09/17 00:00	1.89	
28/09/17 00:00	1.64	
28/09/17 00:00	1.54	
28/09/17 00:00	2.27	
28/09/17 00:00		0.02
28/09/17 00:00		0.01
28/09/17 00:00		0.04
28/09/17 00:00		0.01
28/09/17 00:00		0.01
28/09/17 00:00		0.01
20/10/17 10:29	1.96	
20/10/17 10:29	0.79	
20/10/17 10:29	3.03	
20/10/17 10:29	2.44	
20/10/17 10:29	1.67	
20/10/17 10:29	1.19	
20/10/17 10:29	1.67	
20/10/17 10:29	1.39	
20/10/17 10:29	1.61	
20/10/17 10:29	1.16	
20/10/17 10:29	1.37	
20/10/17 10:29	0.77	
20/10/17 10:29		0.01
20/10/17 10:29		0.01
20/10/17 10:29		0.01
20/10/17 10:29		0.01
20/10/17 10:29		0.01
20/10/17 10:29		0.47
20/10/17 10:29		0.45
20/10/17 10:29		0.43
20/10/17 10:29		0.44
20/10/17 10:29		0.44
20/10/17 10:29		0.33
20/10/17 10:29		0.34
20/10/17 10:29		0.30
20/10/17 10:29		0.33
20/10/17 10:29		0.37
20/10/17 10:29		0.45
